Seed,GV,TV1,TV2,TV3,TV4,TV5,BM1,BM2
461593713291712243,74,61,65,43,65,38,-1,-1
404482444647887182,69,53,51,59,64,29,-1,-1
473018473554320299,74,2,57,60,46,43,-1,-1
365538792840558676,65,52,59,60,53,57,-1,-1
354597909520538495,64,53,60,51,51,50,-1,-1
012334053502058757,2,2,0,2,0,3,2,0
935451242883679630,92,69,48,86,80,79,-1,-1
018568941703624300,2,2,3,3,2,2,0,2
577918956104270246,81,76,76,21,45,42,-1,-1
893026673862931400,92,5,80,85,86,64,-1,-1
982152892631209212,93,34,87,80,42,44,-1,-1
177371380369560938,39,27,27,26,32,37,0,-1
044347935121480584,11,7,11,3,9,9,0,1
687968407386978260,86,81,60,59,81,47,-1,-1
148160235837337853,33,13,17,31,21,31,0,-1
584123255894222404,81,25,43,76,39,57,-1,-1
916467622347352539,92,69,78,59,60,74,-1,-1
131672752683390186,31,28,29,28,22,13,0,-1
530970054367616790,78,75,11,52,66,71,-1,-1
393158531001011731,68,25,54,0,2,61,-1,-1
333119630327569698,62,17,53,38,51,54,-1,-1
281507154304020613,56,44,20,33,3,47,-1,-1
833690816316047672,90,79,83,55,10,79,-1,-1
443450123547080520,72,54,22,58,15,57,-1,-1
720361561907521458,87,58,71,82,69,65,-1,-1
952719605511953339,93,82,78,73,88,59,-1,-1
809916154875011740,90,84,33,83,3,80,-1,-1
535286105956461297,78,45,20,74,59,46,-1,-1
857816067545051380,91,83,15,73,13,62,-1,-1
447879524715005878,72,67,57,64,0,67,-1,-1
512123424381402707,77,23,56,53,54,68,-1,-1
303576836637579205,58,48,54,50,48,27,-1,-1
990402104166227369,93,66,24,36,45,62,-1,-1
504419857352378669,76,54,71,50,52,66,-1,-1
626819347669688924,83,76,53,72,73,78,-1,-1
633485718849190152,84,64,74,77,37,30,-1,-1
923595253575514988,92,77,49,76,73,88,-1,-1
251312025830683949,52,32,3,48,45,49,2,-1
216360401350908687,46,31,32,30,43,40,2,-1
606267780747742686,82,45,75,74,74,72,-1,-1
553367124292297622,79,53,24,46,46,68,-1,-1
252107740496880954,52,14,47,40,49,49,3,-1
120581464680062082,29,25,22,26,5,6,2,-1
067015801953987728,16,0,15,15,15,14,2,1
482041523395632680,75,9,60,52,64,66,-1,-1
053367491950667608,13,9,11,13,12,12,0,1
636032988184420028,84,7,80,35,60,5,-1,-1
101911725329499011,25,24,23,16,20,1,0,3
172992455272284465,39,38,29,22,22,30,2,-1
378785151266547296,66,60,24,36,53,39,-1,-1
232248146298615421,49,25,17,29,41,35,1,-1
766172128976838016,88,36,27,84,82,3,-1,-1
537659012101531472,78,68,2,20,63,60,-1,-1
841929706066476955,91,85,80,15,69,86,-1,-1
618019607266462419,83,2,69,45,62,59,-1,-1
515778879149719148,77,70,72,27,68,27,-1,-1
124129283705136657,29,9,17,26,10,26,0,-1
712651660269978252,87,75,75,47,82,46,-1,-1
388386383973638191,67,46,46,64,57,29,-1,-1
827820372511042065,90,83,61,71,10,15,-1,-1
396512846060632384,68,53,63,11,58,46,-1,-1
850692972444726181,91,80,86,67,81,38,-1,-1
007946742622798537,0,0,0,0,0,0,1,3
805397551105255808,90,62,73,23,47,82,-1,-1
487668825527566208,75,65,69,60,61,34,-1,-1
521247391151357407,78,40,54,28,51,55,-1,-1
433656542692733467,71,62,58,63,64,54,-1,-1
874111526348019857,91,26,72,59,3,85,-1,-1
869562723934600790,91,74,81,86,76,83,-1,-1
543750169288574156,79,71,30,45,65,29,-1,-1
516625547042077211,77,65,62,9,15,36,-1,-1
593759189100106956,82,73,34,21,21,77,-1,-1
939508899213433819,92,72,86,43,67,85,-1,-1
147598117206353467,33,28,10,15,22,25,3,-1
879513702465575380,91,72,80,69,75,62,-1,-1
200352291368974874,44,29,26,29,42,41,2,-1
799970275158597591,89,85,50,33,74,74,-1,-1
982751687273169757,93,84,82,52,36,84,-1,-1
687169560016509827,86,33,70,3,67,79,-1,-1
312280398756301340,59,34,41,54,36,38,-1,-1
274573853278740286,54,45,51,31,49,31,-1,-1
661451013583255880,85,63,3,70,45,79,-1,-1
552347631057667229,79,51,68,11,69,39,-1,-1
070567592299797158,18,15,16,11,17,7,3,1
521456051909013067,78,58,11,73,2,13,-1,-1
068562280762856518,16,13,9,15,15,13,2,1
823847369244463917,90,83,60,46,68,85,-1,-1
887366312901075571,91,61,56,86,17,75,-1,-1
922532216822790151,92,74,43,85,84,34,-1,-1
759779907798910648,88,80,83,80,83,76,-1,-1
112502591962147604,27,22,23,26,10,23,1,-1
004470475940224237,0,0,0,0,0,0,3,1
438219173749818308,71,34,29,64,65,43,-1,-1
535328749663002222,78,49,70,68,0,38,-1,-1
383405202663209681,67,47,30,58,30,59,-1,-1
321485283976148949,61,47,35,58,21,57,-1,-1
035581218461886528,8,7,4,6,8,7,2,1
560434717126456574,80,58,71,24,60,66,-1,-1
838832103028303980,90,83,24,5,54,86,-1,-1
763454146540914271,88,66,30,71,83,49,-1,-1
309540385646221592,58,47,40,50,28,49,-1,-1
960821990548064087,93,85,89,75,15,20,-1,-1
873923379106177383,91,86,61,24,37,62,-1,-1
377270378518213468,66,37,44,52,31,50,-1,-1
182373801734046972,41,28,38,37,5,39,2,-1
163442797439285200,37,28,34,27,21,17,2,-1
073089794046750692,18,4,17,2,17,16,1,3
549556120193533646,79,64,24,35,63,68,-1,-1
914831708827978739,92,85,81,85,88,82,-1,-1
650612429082855773,84,71,61,18,78,76,-1,-1
362942513497199788,65,61,51,50,28,59,-1,-1
191066681789464926,43,7,37,39,32,40,1,-1
175547477872286356,39,32,30,37,22,26,0,-1
062125936134833296,16,5,15,5,15,9,3,2
436754486768101354,71,64,55,64,19,47,-1,-1
656993361088177579,84,81,56,18,34,70,-1,-1
740313298610160359,88,53,51,74,34,57,-1,-1
769291652137739636,88,52,76,29,79,75,-1,-1
809992397563022507,90,85,62,73,5,70,-1,-1
365084445283374407,65,14,48,37,44,46,-1,-1
117291618262173250,27,16,23,15,11,15,0,-1
944267026027696400,93,50,5,5,81,65,-1,-1
843248079040148294,91,47,17,10,31,53,-1,-1
770093110692557425,89,21,25,78,72,64,-1,-1
359486888098928677,64,49,60,15,60,56,-1,-1
392888482323141679,68,63,52,42,23,59,-1,-1
998261538543199769,93,51,75,75,41,84,-1,-1
112988964182940230,27,26,26,12,26,14,0,-1
687304005944578953,86,51,0,81,71,81,-1,-1
426844484848700434,70,65,54,65,62,51,-1,-1
325759156334689719,61,55,22,38,53,54,-1,-1
123564192737407427,29,24,13,27,21,21,1,-1
454612638040312255,73,62,62,8,44,39,-1,-1
434484167907956002,71,55,27,67,68,0,-1,-1
738313560635636336,87,53,72,75,75,55,-1,-1
898192102290954171,92,40,24,54,87,37,-1,-1
851724803433591221,91,81,83,66,76,44,-1,-1
907705672190300476,92,81,80,40,55,70,-1,-1
279192681720850568,54,24,48,49,51,45,-1,-1
608485244649732705,82,63,42,71,73,73,-1,-1
396569897782865159,68,56,64,62,63,25,-1,-1
242372214247623389,50,34,24,26,43,35,3,-1
596106868049069847,82,21,76,9,14,76,-1,-1
272555087461889375,54,44,12,41,51,37,-1,-1
029984607617761991,5,5,5,5,5,5,0,2
830476873080982093,90,69,84,19,86,21,-1,-1
756058288435391050,88,12,50,64,61,12,-1,-1
226492739830953617,47,37,42,44,45,40,2,-1
167567494460596963,37,31,29,28,31,36,1,-1
335477839325652655,62,47,57,38,53,53,-1,-1
710677747982850349,87,76,78,83,80,56,-1,-1
202616738320699763,44,38,40,28,39,40,2,-1
821449284285420909,90,66,51,51,65,84,-1,-1
464508546142672752,74,58,59,25,64,66,-1,-1
070151742403925869,18,7,17,13,18,17,1,3
356440324747344560,64,47,40,57,41,52,-1,-1
417753351976630851,70,63,46,66,59,65,-1,-1
461653802652825217,74,64,67,64,68,35,-1,-1
404628174012520053,69,58,28,2,55,10,-1,-1
270924588558685114,54,51,45,44,48,15,-1,-1
486955218384247357,75,71,35,51,39,49,-1,-1
654858571664733572,84,78,70,73,75,70,-1,-1
226650875309906667,47,41,44,28,45,41,3,-1
670891383884616431,85,80,58,80,72,62,-1,-1
940493647535052213,93,72,79,74,13,44,-1,-1
159424897165651308,35,26,33,14,31,21,1,-1
974799844929873840,93,85,86,88,87,86,-1,-1
908973854399071876,92,87,85,64,17,86,-1,-1
650390739875012254,84,59,75,79,3,45,-1,-1
742425937750686641,88,63,83,79,77,75,-1,-1
465931454917014140,74,70,55,69,2,25,-1,-1
782743402758012345,89,80,63,80,3,57,-1,-1
669877931786611096,85,79,80,77,72,20,-1,-1
398825970462673394,68,62,65,51,59,47,-1,-1
633903590914461397,84,78,70,79,63,58,-1,-1
584455735147995758,81,60,72,28,77,73,-1,-1
654778924002330608,84,76,80,0,53,71,-1,-1
906553910625026481,92,75,86,78,5,70,-1,-1
718717453089945177,87,77,65,19,82,35,-1,-1
150220031418451200,35,17,3,25,27,16,0,-1
428007095737641401,70,0,17,63,61,50,-1,-1
878622704822312293,91,77,80,84,56,53,-1,-1
142145454551308742,33,12,25,27,20,30,1,-1
829244194824051243,90,46,39,83,13,46,-1,-1
735386013353530388,87,60,3,57,70,60,-1,-1
704533988052896076,86,69,82,12,81,16,-1,-1
480667802683645610,75,65,69,66,64,63,-1,-1
307751598647776932,58,53,49,50,53,55,-1,-1
234149280686795312,49,17,28,43,45,30,0,-1
359319265512632525,64,39,35,50,55,51,-1,-1
516648042457446537,77,66,9,57,57,62,-1,-1
171874812582606684,39,37,36,33,33,34,0,-1
111287732455895829,27,16,25,21,26,25,3,-1
004897314765577226,0,0,0,0,0,0,2,3
130424411465773587,31,23,23,24,29,26,0,-1
202297451436790449,44,26,33,32,40,33,0,-1
357436676038821025,64,47,56,6,59,4,-1,-1
357050519184465938,64,9,50,27,48,60,-1,-1
657435739537214282,84,62,75,68,40,48,-1,-1
261916809117824881,53,50,49,15,49,50,-1,-1
318563860421421499,59,49,55,43,43,46,-1,-1
728147930004332426,87,30,82,0,55,63,-1,-1
334478714554125118,62,47,55,50,19,17,-1,-1
792421128022761468,89,64,27,5,81,67,-1,-1
625499881716483323,83,64,78,74,64,52,-1,-1
405116544880893914,69,19,55,64,64,65,-1,-1
316927349258940636,59,56,38,32,56,51,-1,-1
829706719576426668,90,79,80,74,65,78,-1,-1
545589551635473059,79,65,64,67,60,11,-1,-1
284191043538456716,56,24,6,45,42,50,-1,-1
819101342182099815,90,23,58,38,21,82,-1,-1
714114915054337502,87,25,82,12,55,68,-1,-1
762405912404572117,88,62,83,62,73,25,-1,-1
815633909444112161,90,77,84,66,25,34,-1,-1
109751345477165485,25,23,16,19,10,20,1,3
128499019702901271,29,23,1,26,28,17,1,-1
378671642271728640,66,57,57,37,59,57,-1,-1
175536744854156047,39,31,35,36,14,4,0,-1
180023975547518244,41,2,39,33,32,21,2,-1
619792728719916164,83,75,74,73,78,32,-1,-1
038985446744176674,8,8,6,8,3,7,1,2
001431429442103920,0,0,0,0,0,0,0,2
863552613629517139,91,74,77,77,72,30,-1,-1
909211892327968252,92,43,86,57,87,49,-1,-1
212664473286200474,46,40,35,26,21,35,1,-1
103988903612805048,25,24,24,22,23,3,0,2
771843369072541725,89,82,59,17,72,79,-1,-1
757281951382753352,88,50,83,60,79,58,-1,-1
140095864974313806,33,8,31,32,21,31,2,-1
390755681232692365,68,61,59,34,60,45,-1,-1
800740501971691011,90,80,70,85,79,3,-1,-1
074777252810781521,18,17,10,17,17,15,2,0
546669731811940211,79,68,71,72,75,37,-1,-1
605006128134371177,82,0,25,27,55,33,-1,-1
066961933789262749,16,15,15,15,9,15,2,0
520521522988888357,78,62,62,74,73,51,-1,-1
818539448986410197,90,72,66,86,64,39,-1,-1
096338498886012143,23,15,18,22,1,8,2,0
764893528464349832,88,83,70,67,57,82,-1,-1
167477929327296729,37,29,35,23,22,33,1,-1
844119355470974186,91,26,59,69,86,38,-1,-1
995412067719136453,93,66,15,83,30,70,-1,-1
558588829161936598,79,66,73,30,75,66,-1,-1
139182128924735793,31,13,10,30,28,29,3,-1
932141159438465972,92,32,34,67,70,88,-1,-1
591356564833401266,82,53,67,75,57,44,-1,-1
652913131502807166,84,79,27,66,77,32,-1,-1
498785096326728558,76,69,18,47,67,62,-1,-1
187156340319115485,41,15,26,25,12,32,0,-1
225276932438172181,47,27,45,35,19,20,3,-1
301612072218975137,58,49,11,27,56,19,-1,-1
060638336285508112,16,14,10,9,13,5,0,2
889172395701788965,91,37,63,81,83,87,-1,-1
749600455994996782,88,74,65,84,84,80,-1,-1
440756438096216602,72,65,53,17,34,61,-1,-1
983198234564159953,93,41,47,76,34,88,-1,-1
837791925123721130,90,82,85,27,80,29,-1,-1
529198914760980812,78,34,73,70,74,71,-1,-1
376725763169194634,66,59,60,25,29,56,-1,-1
004916453404796165,0,0,0,0,0,0,3,1
522526684219031966,78,62,68,37,7,74,-1,-1
498008731325152635,76,0,68,47,28,65,-1,-1
091411498752973593,23,17,18,21,22,19,1,3
758315899171306558,88,54,82,35,53,72,-1,-1
951303762345657953,93,55,84,60,80,88,-1,-1
143060888047548424,33,6,32,4,27,24,1,-1
796665654677596217,89,77,77,78,74,42,-1,-1
332491739691242511,62,48,55,54,32,49,-1,-1
955834243684590598,93,86,48,81,77,77,-1,-1
978517010980162777,93,73,3,89,36,84,-1,-1
699800711453099900,86,79,76,64,20,81,-1,-1
487177371920392726,75,30,51,71,52,67,-1,-1
802075830175946003,90,17,83,36,85,0,-1,-1
802890315995265951,90,84,55,85,49,85,-1,-1
984810485874491492,93,86,72,87,72,72,-1,-1
244943507408107077,50,48,39,36,13,10,0,-1
132464728488990893,31,24,28,24,30,30,2,-1
288419287909512760,56,40,32,52,44,51,-1,-1
676501526448600429,85,67,68,63,72,61,-1,-1
765312417937126691,88,54,63,83,27,78,-1,-1
690288348308094456,86,49,55,51,20,64,-1,-1
631403317836865609,84,59,51,77,78,70,-1,-1
195144220073408136,43,15,21,8,30,14,2,-1
030111693487070791,8,2,7,7,2,8,1,3
416064846171204130,70,12,64,28,32,23,-1,-1
039070336404126585,8,2,5,6,3,7,3,0
122879105890984969,29,28,8,28,28,28,1,-1
076258274590855794,18,10,10,16,17,17,2,1
560627618461690597,80,68,68,60,70,67,-1,-1
087314800342400668,21,13,19,14,15,18,2,1
553672909141434536,79,69,75,27,58,64,-1,-1
451031883158961145,73,6,68,27,69,25,-1,-1
341801772904970855,63,58,57,59,60,58,-1,-1
565738768481513676,80,72,72,61,63,70,-1,-1
088851757488396881,21,19,19,16,15,20,0,1
506831991596245457,76,71,73,64,39,57,-1,-1
779459452404254638,89,66,66,62,47,76,-1,-1
483131614155575428,75,24,63,27,62,54,-1,-1
014145075295521255,2,1,1,2,2,2,3,2
014355604456253873,2,2,2,2,2,3,2,1
684105182657650255,86,22,36,74,74,45,-1,-1
192901501839748383,43,40,33,39,38,29,1,-1
315010866968711308,59,2,55,57,53,36,-1,-1
915289215137760516,92,53,43,30,83,73,-1,-1
236967877717112124,49,47,46,43,14,15,3,-1
734685653844022565,87,76,75,81,5,72,-1,-1
089871150087872646,21,20,8,5,20,18,3,2
526778900096060831,78,70,73,19,13,72,-1,-1
774592873898743613,89,74,83,83,79,75,-1,-1
995621075762725089,93,79,18,84,83,20,-1,-1
272159796826148568,54,20,50,50,19,45,-1,-1
973327264974176893,93,58,51,89,37,87,-1,-1
012636103099909348,2,2,1,1,3,2,1,0
304265593391586670,58,32,49,41,48,51,-1,-1
214414247647868871,46,33,24,39,43,43,3,-1
630989848754675756,84,80,77,75,73,75,-1,-1
687916036533448074,86,81,7,69,63,16,-1,-1
034318050880791446,8,5,1,8,8,6,0,3
004583650378702680,0,0,0,0,0,0,3,0
443376233680972716,72,49,36,63,69,64,-1,-1
521563459599039908,78,64,58,65,7,73,-1,-1
055323658055546895,13,9,12,2,11,13,1,0
780066219005869999,89,15,42,0,83,85,-1,-1
233732167151459605,49,44,19,18,37,41,2,-1
898207942141178252,92,42,87,32,37,49,-1,-1
469630456160750009,74,63,55,28,66,0,-1,-1
533902248958821975,78,74,40,74,72,75,-1,-1
079786680728260888,18,17,16,17,10,17,0,1
432477737558303291,71,54,64,58,43,42,-1,-1
670768638537484999,85,77,73,68,65,81,-1,-1
186060591588522519,41,7,34,34,33,32,3,-1
596961139128917482,82,78,27,25,77,63,-1,-1
578045456099757740,81,9,60,19,73,72,-1,-1
267266791340690635,53,29,49,34,47,46,-1,-1
425793053454188397,70,64,10,53,30,49,-1,-1
275481230515285391,54,42,27,43,31,38,-1,-1
352861409233540418,64,59,45,32,52,46,-1,-1
351040704951622726,64,7,56,61,54,57,-1,-1
660277022972270088,85,47,5,81,47,18,-1,-1
968482660016968468,93,71,81,3,88,70,-1,-1
178896794088110569,39,37,36,8,11,32,3,-1
136085449684107137,31,7,23,28,8,10,1,-1
804976555089604721,90,85,73,19,75,80,-1,-1
546612758476313484,79,67,71,60,48,61,-1,-1
907463234340779608,92,69,46,59,83,77,-1,-1
708600923080602866,86,73,81,19,73,80,-1,-1
444754173169757620,72,65,29,28,65,61,-1,-1
383430617496690388,67,49,57,52,59,46,-1,-1
914770736795040315,92,83,82,84,10,56,-1,-1
355709059252237106,64,56,9,34,32,17,-1,-1
248357472499770248,50,33,38,39,46,26,3,-1
158830368872192521,35,33,24,33,16,28,2,-1
083936175405604415,21,20,8,15,18,15,1,0
510783196728409133,77,70,34,69,54,25,-1,-1
140565409114387409,33,28,24,10,23,24,3,-1
790924972788791525,89,84,85,81,81,71,-1,-1
900571774021547310,92,76,83,5,74,56,-1,-1
033466430211076542,8,6,6,4,2,7,3,0
813507181237689040,90,70,38,45,79,10,-1,-1
531184441408051505,78,33,58,55,11,61,-1,-1
402042495488272136,69,8,53,53,38,22,-1,-1
925905349137330928,92,87,59,30,58,87,-1,-1
731490590805875766,87,68,73,80,81,79,-1,-1
089112414761693806,21,6,15,19,18,19,2,1
352261471278465659,64,35,49,36,48,55,-1,-1
792530208101715438,89,71,40,23,79,65,-1,-1
129046636085598727,29,3,25,6,25,26,2,-1
778064859286736696,89,15,82,51,79,78,-1,-1
730112606545327470,87,25,73,71,54,66,-1,-1
383415268608728115,67,48,36,56,60,19,-1,-1
255052070324621428,52,7,10,32,44,37,0,-1
571965108816118267,81,77,21,74,23,44,-1,-1
984215796614920372,93,44,85,79,88,63,-1,-1
702940479149983233,86,82,66,30,82,43,-1,-1
924604677665174435,92,77,80,80,37,67,-1,-1
246351688079293532,50,33,44,10,30,40,2,-1
285888944709189543,56,52,53,49,23,45,-1,-1
540799055992851628,79,72,11,75,73,67,-1,-1
631040169333966309,84,10,32,53,79,50,-1,-1
380850694077872683,67,62,59,13,62,59,-1,-1
132879624234231970,31,30,27,16,16,30,3,-1
607580445783532708,82,68,61,75,66,73,-1,-1
785470546531295219,89,68,72,71,52,42,-1,-1
110235650478063562,27,14,24,21,5,23,0,-1
941675883677904390,93,81,86,81,87,64,-1,-1
156717274469664844,35,32,20,27,31,33,0,-1
902613373145342752,92,78,62,32,59,83,-1,-1
556673451608869772,79,69,59,67,74,72,-1,-1
597163478718587335,82,31,62,72,68,52,-1,-1
700235985820099603,86,43,82,79,21,73,-1,-1
790439557425066079,89,65,73,64,15,17,-1,-1
660555135785017647,85,69,28,77,3,73,-1,-1
212408510896119732,46,32,36,43,13,41,3,-1
310030121923068950,59,5,18,56,10,56,-1,-1
001745709877918864,0,0,0,0,0,0,0,2
261005415427594957,53,0,38,38,44,51,-1,-1
312644342179055644,59,51,38,24,8,51,-1,-1
896232106213021535,92,46,24,43,5,73,-1,-1
903409776751692666,92,65,83,83,81,80,-1,-1
967802238541528721,93,85,47,75,74,83,-1,-1
925697401171106445,92,81,65,37,24,68,-1,-1
884300357467944344,91,55,60,69,86,59,-1,-1
386719398134126628,67,59,46,22,20,57,-1,-1
032953490381934421,8,8,7,6,8,6,0,2
664520911018378159,85,67,80,3,57,31,-1,-1
674657358552707098,85,74,56,69,75,20,-1,-1
287230935558359682,56,28,53,45,37,49,-1,-1
781785770898873874,89,81,81,83,83,83,-1,-1
289705284940114038,56,49,32,53,16,5,-1,-1
137710941786851435,31,28,30,29,29,23,2,-1
313010216816964632,59,2,28,55,57,51,-1,-1
134185364013567049,31,13,21,1,26,4,3,-1
282236189190081177,56,28,23,24,12,22,-1,-1
151562822257849563,35,29,33,19,33,29,1,-1
663201707779247842,85,39,75,77,44,78,-1,-1
305069945853339084,58,10,55,54,37,13,-1,-1
212407194876725824,46,32,20,43,41,42,0,-1
181380054008628512,41,28,6,0,35,32,3,-1
392329587852091780,68,42,56,63,16,62,-1,-1
609570232451688982,82,68,41,61,72,78,-1,-1
856612460071487657,91,77,68,17,70,78,-1,-1
928013742332526053,92,3,83,58,73,13,-1,-1
715295500126227938,87,51,68,26,42,82,-1,-1
952802577396105737,93,85,76,64,24,83,-1,-1
992379639457682178,93,63,80,70,82,38,-1,-1
691327360209770223,86,53,57,39,78,42,-1,-1
783432753174144938,89,65,80,36,31,84,-1,-1
847447342123470353,91,67,58,28,69,59,-1,-1
707172121568635940,86,35,26,71,74,82,-1,-1
489399018267413886,75,52,2,41,53,70,-1,-1
554278205383938994,79,44,36,54,75,76,-1,-1
780869377333003759,89,83,60,56,0,80,-1,-1
634106769862081049,84,22,75,78,18,10,-1,-1
808723439013077993,90,80,65,3,17,85,-1,-1
366937627667670518,65,61,55,56,57,51,-1,-1
659387822838180756,84,58,78,78,35,76,-1,-1
698981229157569905,86,82,42,31,70,81,-1,-1
077766570990299033,18,17,15,18,11,2,0,3
402414532065448232,69,49,55,11,51,34,-1,-1
822811038655773216,90,83,8,78,82,42,-1,-1
481919538336484864,75,71,60,47,58,70,-1,-1
816171885123654867,90,36,84,27,77,83,-1,-1
941311153940022919,93,56,34,88,5,87,-1,-1
348184760993388141,63,26,57,60,43,22,-1,-1
056859467683763010,13,13,10,12,12,0,2,0
430522253035797967,71,57,38,6,65,68,-1,-1
486431567495386023,75,55,61,58,51,4,-1,-1
979320976313309155,93,58,89,57,56,34,-1,-1
209786789679399103,44,40,40,39,31,12,2,-1
077175687568308269,18,7,16,15,11,10,1,3
164727549158741881,37,33,30,14,34,35,3,-1
472958980046495837,74,71,71,8,58,69,-1,-1
791027497793221308,89,5,69,81,43,53,-1,-1
423862515591178723,70,66,56,59,28,63,-1,-1
426845115424518588,70,65,20,51,56,58,-1,-1
533691872688873631,78,69,73,69,73,67,-1,-1
735823643151753153,87,80,75,32,79,32,-1,-1
593729531351380094,82,73,65,53,56,19,-1,-1
466148571998420592,74,25,61,70,53,61,-1,-1
090834446189473380,23,21,17,10,18,16,0,2
131926755130529181,31,30,29,10,25,13,3,-1
878614987580281350,91,77,87,76,52,60,-1,-1
499895088823700556,76,71,16,70,67,62,-1,-1
375938961893894571,66,62,63,62,62,54,-1,-1
750921496258668351,88,83,68,47,76,58,-1,-1
062356155818086377,16,11,6,15,3,11,3,2
744210828060303452,88,41,81,15,52,65,-1,-1
741297586386964422,88,51,73,60,83,63,-1,-1
121570449288460022,29,25,22,17,22,2,3,-1
008274359701581916,0,0,0,0,0,0,2,1
770251255018300505,89,47,47,3,53,69,-1,-1
845020799617115601,91,5,83,76,26,76,-1,-1
292098940821216281,57,14,54,53,27,33,-1,-1
409583806859093958,69,57,63,64,16,65,-1,-1
495864488541092118,76,70,58,61,18,21,-1,-1
988912201887010993,93,88,42,87,3,89,-1,-1
455190371757243829,73,32,49,66,38,67,-1,-1
350901764970233611,64,60,58,61,32,54,-1,-1
074352010150331220,18,12,1,7,12,9,2,3
187539514184921667,41,33,32,17,39,36,1,-1
361440226320599815,65,48,32,40,54,60,-1,-1
175523726251993638,39,31,35,21,38,34,0,-1
195600623113286185,43,36,36,12,24,18,3,-1
953462306627693334,93,70,55,79,82,59,-1,-1
973844791335483903,93,86,85,59,71,87,-1,-1
086407137637411029,21,15,7,18,15,1,0,1
471271912573649973,74,42,70,61,64,71,-1,-1
109280581741884322,25,15,21,23,24,16,0,3
367660951205740910,65,56,62,29,58,61,-1,-1
814582092227823393,90,74,21,44,83,62,-1,-1
186499246931918877,41,32,21,39,39,38,3,-1
092060913469999367,23,4,22,18,22,15,2,3
660191531688179118,85,37,68,74,34,24,-1,-1
992886713579280863,93,87,83,77,53,87,-1,-1
336958793703781634,62,59,56,55,56,53,-1,-1
677007755264351318,85,0,77,46,56,52,-1,-1
588696516585044243,81,71,64,67,9,42,-1,-1
136182020120530888,31,13,2,10,25,30,3,-1
721090859616440021,87,21,81,74,64,5,-1,-1
974874628409973343,93,87,79,65,89,60,-1,-1
115019058826688150,27,1,4,25,24,10,2,-1
742659295267704688,88,76,51,48,77,77,-1,-1
403642487165425065,69,59,53,26,50,11,-1,-1
666050831927840433,85,12,78,80,78,62,-1,-1
235987408890909059,49,47,34,46,46,7,3,-1
329060426783688481,61,10,44,55,53,47,-1,-1
058649896206670422,13,12,13,6,12,10,1,2
642352603110949622,84,55,71,24,79,71,-1,-1
254924652054906930,52,49,45,7,49,49,3,-1
224752707153797195,47,43,42,17,43,21,2,-1
485295133496962599,75,44,24,58,71,63,-1,-1
690641888046046604,86,74,80,10,10,72,-1,-1
461199030344555095,74,32,6,47,60,18,-1,-1
090046765474022567,23,3,21,18,1,19,0,2
649146517361493952,84,29,66,56,65,80,-1,-1
907408590477252989,92,65,77,70,49,87,-1,-1
086946828647726572,21,20,19,18,19,17,0,2
339962563537771762,62,59,51,50,56,56,-1,-1
153362453222243836,35,24,27,17,18,33,2,-1
020823290249929256,5,5,3,3,5,3,0,3
262338771796307271,53,34,48,49,32,30,-1,-1
919391913748733059,92,64,87,82,82,13,-1,-1
478926304835802692,74,70,44,69,68,65,-1,-1
620731602001532258,83,74,70,0,67,44,-1,-1
835462032758969234,90,68,8,81,86,45,-1,-1
670209438949524310,85,39,62,81,68,52,-1,-1
499123090299785173,76,23,18,44,69,30,-1,-1
042031949096859195,11,1,11,3,10,5,0,3
861931472271763571,91,86,69,51,82,75,-1,-1
378672567241984150,66,57,54,34,63,24,-1,-1
789506234351390415,89,70,45,58,62,63,-1,-1
292358019459534840,57,37,2,43,46,53,-1,-1
741808644039907944,88,80,75,8,82,83,-1,-1
770632300556376331,89,76,53,72,60,56,-1,-1
868297198933248883,91,53,40,86,47,85,-1,-1
936187763689921365,92,39,83,81,87,61,-1,-1
461552346008323382,74,60,47,0,46,50,-1,-1
380704151459794634,67,59,24,50,61,57,-1,-1
578874431781052807,81,75,59,73,11,74,-1,-1
378058716697604824,66,9,58,58,55,61,-1,-1
798761370827698568,89,81,60,82,78,73,-1,-1
025192544711530092,5,3,5,5,5,1,3,1
474660745958199688,74,64,67,71,33,65,-1,-1
390144819128594545,68,23,62,21,57,55,-1,-1
567363473719503011,80,53,61,71,63,2,-1,-1
187641868898702026,41,35,38,38,36,2,3,-1
490412005254556832,76,54,0,40,62,70,-1,-1
267845098279952882,53,49,13,30,51,50,-1,-1
767245821042480777,88,46,81,10,68,80,-1,-1
131336320759996358,31,20,20,29,30,21,0,-1
930963852107386421,92,88,86,24,63,67,-1,-1
743981149474039947,88,84,30,67,8,83,-1,-1
123123123123123123,29,9,9,9,9,9,2,-1
701583725256496944,86,72,77,46,67,82,-1,-1
087641087641087641,21,18,5,18,5,18,3,0
231234231234231234,49,25,25,25,25,25,2,-1
123123123123123123,29,9,9,9,9,9,0,-1
500505505505505505,76,60,60,60,60,60,-1,-1
500505505505505505,76,60,60,60,60,60,-1,-1
409713492707592267,69,61,53,61,57,37,-1,-1
500505505505505505,76,60,60,60,60,60,-1,-1
500505505505505505,76,60,60,60,60,60,-1,-1
386407459488852656,67,47,50,51,62,58,-1,-1
073841806564806370,18,17,17,15,17,13,3,2
102793041211516957,25,23,3,12,20,24,2,0
621995814732640014,83,79,76,74,71,2,-1,-1
610305803342292704,83,49,76,53,48,73,-1,-1
880449975665311983,91,67,87,79,56,87,-1,-1
400664649100288198,69,60,59,18,39,30,-1,-1
219068110383024172,46,8,13,31,3,18,1,-1
360540320273675273,65,52,40,36,57,36,-1,-1
487970836216281686,75,71,69,35,43,66,-1,-1
816979721072352975,90,85,80,17,59,85,-1,-1
891333978235154054,92,58,87,46,33,13,-1,-1
855142048354259655,91,31,10,59,48,78,-1,-1
224614596672864247,47,40,40,41,44,25,0,-1
826200938372258116,90,41,85,61,48,25,-1,-1
433273472611841358,71,40,54,60,66,47,-1,-1
305839736392565456,58,54,52,41,48,44,-1,-1
266752553771925423,53,48,43,48,50,38,-1,-1
369868873078532763,65,60,61,12,52,59,-1,-1
603360073920349720,82,55,16,77,53,73,-1,-1
271254912617453230,54,29,51,46,41,27,-1,-1
014170197261864817,2,1,1,2,3,3,1,3
490317775238328732,76,46,69,38,47,68,-1,-1
414226871831399936,70,34,65,64,48,66,-1,-1
036200400595405343,8,4,6,7,6,5,2,0
068834403750433756,16,15,11,15,12,15,1,0
653508374604268602,84,66,57,71,46,71,-1,-1
008948246988910232,0,0,0,0,0,0,1,3
219846740042085273,46,43,41,5,10,26,3,-1
902288454662695727,92,52,68,80,81,82,-1,-1
117661824826267879,27,24,25,25,15,26,2,-1
946106929116583496,93,24,87,26,77,72,-1,-1
247242224589454266,50,26,25,42,38,28,0,-1
373671195896317493,66,57,29,62,40,51,-1,-1
631004287464212928,84,0,48,63,39,79,-1,-1
598491593768994876,82,63,68,74,78,76,-1,-1
386790000740011239,67,61,0,60,2,34,-1,-1
104736117660448255,25,23,7,22,19,14,3,2
228078801715385385,47,9,43,42,33,33,1,-1
864454850718565828,91,68,84,81,74,84,-1,-1
449694827446964175,72,63,66,53,68,29,-1,-1
744302288800691763,88,52,50,80,77,79,-1,-1
727458177337647173,87,65,35,55,75,35,-1,-1
761084001830195836,88,19,0,82,39,82,-1,-1
644679588534723788,84,73,70,67,75,76,-1,-1
517668695353234137,77,67,68,50,39,25,-1,-1
168070420050178102,37,7,27,5,15,10,1,-1
967961092266123455,93,88,22,51,28,69,-1,-1
029403986713424038,5,4,5,5,4,0,1,2
513447443593400894,77,57,57,64,54,72,-1,-1
480137704890509570,75,24,66,70,59,62,-1,-1
134312873064484088,31,19,30,5,24,7,2,-1
078157880287686349,18,7,17,11,16,12,1,2
727232234545643170,87,44,44,70,75,35,-1,-1
947191124470423148,93,40,28,70,67,32,-1,-1
941318520453036595,93,56,74,69,8,77,-1,-1
573954437138868893,81,76,59,26,75,75,-1,-1
714138327579082212,87,28,54,71,19,41,-1,-1
581375895375278507,81,55,76,55,45,63,-1,-1
377398865223901662,66,46,61,32,62,57,-1,-1
061207515589598353,16,7,13,13,14,11,3,1
759936921849681340,88,83,83,81,77,57,-1,-1
191428632332243809,43,31,37,27,22,39,0,-1
861921209142703941,91,86,41,31,80,86,-1,-1
164117507061691657,37,11,29,6,33,32,3,-1
159162677027864043,35,14,31,2,33,4,3,-1
278959750776031961,54,52,49,50,5,52,-1,-1
277912384942806949,54,51,37,52,50,52,-1,-1
464150093372958802,74,27,18,50,70,67,-1,-1
875270396626309388,91,51,63,77,54,62,-1,-1
342024975108773148,63,4,60,16,57,22,-1,-1
932978538784524705,92,88,74,84,73,82,-1,-1
283453190676163345,56,42,24,49,21,36,-1,-1
474046732697718196,74,8,66,65,66,33,-1,-1
311646367338779437,59,51,40,38,54,43,-1,-1
336391799197001335,62,43,56,27,0,39,-1,-1
148914656512482427,33,32,29,27,26,24,1,-1
141280195539641694,33,19,15,27,29,30,2,-1
946573236968808685,93,76,46,88,85,81,-1,-1
714217008717380993,87,41,0,77,59,83,-1,-1
529665091222401318,78,67,19,38,55,47,-1,-1
568360696612220001,80,53,70,68,39,0,-1,-1
466806490184212340,74,67,57,31,35,47,-1,-1
809833443476277427,90,83,66,68,50,64,-1,-1
478242760464892416,74,38,67,56,70,53,-1,-1
556633210556337988,79,68,37,65,50,76,-1,-1
655829107994491074,84,78,22,81,65,16,-1,-1
562549727918150204,80,65,71,75,29,36,-1,-1
296273451101004027,57,32,43,15,0,3,-1,-1
956838792049067936,93,86,85,11,15,88,-1,-1
038887626530660085,8,8,7,7,7,2,1,3
184903795455693842,41,39,37,31,36,38,2,-1
301588079183780637,58,48,11,25,53,50,-1,-1
658917364975212089,84,79,56,80,40,18,-1,-1
540012677997009476,79,2,69,75,0,60,-1,-1
868762624458736647,91,82,77,68,81,78,-1,-1
035601901658998450,8,7,8,7,8,6,1,0
605966740512862078,82,78,74,65,76,16,-1,-1
444366939447333221,72,48,68,53,46,35,-1,-1
124845110809044871,29,28,8,27,3,28,3,-1
675383769877965042,85,58,77,79,81,10,-1,-1
657275703037297234,84,47,75,7,49,42,-1,-1
733897921155174452,87,82,82,32,35,65,-1,-1
385230212690759741,67,34,31,59,60,60,-1,-1
886430504938500797,91,67,71,86,71,83,-1,-1
130326232962519441,31,20,16,30,25,23,1,-1
922211914684867821,92,43,87,81,86,85,-1,-1
235263158603570198,49,27,18,41,40,21,1,-1
421536413176347261,70,56,50,28,45,38,-1,-1
998188713004929008,93,39,83,0,88,0,-1,-1
593391565704096988,82,57,67,72,19,78,-1,-1
056300322427845468,13,8,9,10,13,10,3,1
691966926883685735,86,82,81,80,75,77,-1,-1
623308648435413498,83,50,71,61,59,64,-1,-1
476849963390780149,74,69,71,52,68,26,-1,-1
505401806794587395,76,54,70,70,63,53,-1,-1
325013488268996977,61,2,47,33,58,58,-1,-1
351218519097800484,64,30,50,15,59,49,-1,-1
934465244957281902,92,70,48,88,53,87,-1,-1
196361028649008925,43,28,3,37,0,40,2,-1
451211067292892833,73,34,12,43,68,67,-1,-1
987512175622997513,93,73,37,79,89,73,-1,-1
144108749504537515,33,9,30,26,27,27,3,-1
699360993546531608,86,57,82,69,69,72,-1,-1
493073053723251841,76,14,11,67,40,70,-1,-1
035471613710739806,8,6,7,8,8,8,3,1
235169615117308074,49,19,41,14,29,9,3,-1
649375789741403787,84,57,76,75,59,76,-1,-1
376347702239977577,66,42,58,33,63,54,-1,-1
630252530748040646,84,44,67,75,10,72,-1,-1
489301506947363144,75,45,59,71,50,26,-1,-1
930458085016668473,92,69,20,3,80,70,-1,-1
797913318789413115,89,84,54,81,64,25,-1,-1
959534932057316591,93,74,88,13,56,77,-1,-1
578985172260968158,81,77,32,44,77,29,-1,-1
517609051891836505,77,65,11,72,71,60,-1,-1
870835749630704519,91,84,82,78,80,72,-1,-1
264437745651775622,53,39,48,46,48,45,-1,-1
137072023259793378,31,6,2,17,29,21,1,-1
961540069873294925,93,75,15,87,54,88,-1,-1
026600832136235479,5,5,5,2,3,4,0,1
234834071050448250,49,45,9,7,36,26,2,-1
182688687351370602,41,36,36,27,28,34,0,-1
850536225784490251,91,73,44,82,70,48,-1,-1
780268754672051948,89,48,80,77,12,84,-1,-1
048146503744241515,11,4,9,10,6,9,2,3
380398281104225067,67,46,38,17,33,11,-1,-1
634840297835693373,84,77,49,77,73,56,-1,-1
228200509630521747,47,22,37,41,38,43,3,-1
244265723894069714,50,28,45,47,8,45,3,-1
962683362616945406,93,81,62,78,88,65,-1,-1
903246934105967114,92,47,87,24,87,26,-1,-1
349490059953582254,63,49,9,60,52,33,-1,-1
594490674006974677,82,63,71,0,78,71,-1,-1
031396545642959507,8,6,7,7,8,7,2,1
068317064771761637,16,10,3,15,15,14,3,2
061986263265773005,16,15,9,9,15,0,0,2
362792460500605975,65,59,49,51,55,62,-1,-1
897715153171856695,92,81,33,37,85,81,-1,-1
947433830803138252,93,67,85,85,30,49,-1,-1
061904597942373549,16,15,14,15,11,13,0,2
296148472220643365,57,20,43,28,49,38,-1,-1
002967841675335037,0,0,0,0,0,0,1,2
118031440484380115,27,2,20,21,19,8,0,-1
278317301558408042,54,33,33,44,38,6,-1,-1
237405787864293518,49,34,45,46,29,39,1,-1
174526904846403860,39,31,37,36,28,37,3,-1
403380745832457941,69,47,62,63,51,65,-1,-1
734070317440248543,87,17,53,64,45,71,-1,-1
249802241836411585,50,46,26,47,36,42,0,-1
768791105486561867,88,81,23,68,72,82,-1,-1
110311462550209243,27,17,21,22,13,14,1,-1
462697630340991701,74,65,63,47,70,65,-1,-1
453437954113028432,73,53,69,21,4,53,-1,-1
649972911891329696,84,80,79,79,52,74,-1,-1
439379841011357222,71,48,66,2,47,35,-1,-1
371117815778624690,66,19,61,60,56,58,-1,-1
588633973904195397,81,69,77,76,35,56,-1,-1
327504123095216717,61,47,18,14,29,54,-1,-1
829404214615865210,90,63,42,76,84,42,-1,-1
265740675027308976,53,48,46,3,32,51,-1,-1
812599617054080550,90,75,76,13,19,73,-1,-1
803370850029053133,90,60,83,5,13,29,-1,-1
220288094516755516,47,27,11,37,43,37,3,-1
655427271774277676,84,61,47,76,47,74,-1,-1
474992105576765808,74,71,19,61,67,68,-1,-1
136227297638691438,31,15,19,27,28,23,1,-1
212846625010606147,46,43,39,1,39,16,1,-1
437403191982569118,71,50,31,68,58,20,-1,-1
586525274231960862,81,64,45,41,77,75,-1,-1
340355672769625383,63,41,55,57,53,43,-1,-1
239968095948636248,49,47,12,46,42,25,3,-1
470257891051030347,74,39,70,10,6,48,-1,-1
216704669382090653,46,41,40,31,11,40,1,-1
910062965809212123,92,15,87,84,43,28,-1,-1
997862305799847255,93,87,56,85,86,50,-1,-1
693001882298754622,86,0,80,50,77,73,-1,-1
127806385320933807,29,27,20,18,28,27,1,-1
454406170574640893,73,51,29,60,63,68,-1,-1
367951894856544332,65,62,61,60,52,41,-1,-1
044028417310386575,11,1,8,7,8,9,3,1
810101543618718324,90,23,72,76,80,56,-1,-1
282492334583853962,56,43,35,46,52,53,-1,-1
376442626577329735,66,49,56,54,41,59,-1,-1
286211693942742549,56,26,49,53,50,45,-1,-1
469513840358886909,74,58,68,48,69,69,-1,-1
308232527546260567,58,29,46,47,32,48,-1,-1
419104299606718506,70,18,41,58,62,54,-1,-1
623419659449189447,83,59,72,61,35,61,-1,-1
260297665411509567,53,31,46,38,42,44,-1,-1
698952225322352094,86,82,42,53,56,20,-1,-1
603398151079230162,82,57,30,16,41,32,-1,-1
126630251772677953,29,25,16,27,26,28,3,-1
552280460561836092,79,45,60,65,73,19,-1,-1
418420424859194120,70,50,50,65,30,21,-1,-1
380718326730049827,67,59,42,60,8,62,-1,-1
027198770490796434,5,3,5,4,5,4,0,1
281196617764427152,56,24,47,51,40,20,-1,-1
889792727317158251,91,83,81,56,33,49,-1,-1
848224662501311488,91,44,78,71,55,69,-1,-1
249240797489144069,50,26,46,39,17,8,2,-1
418942728775422017,70,66,62,63,50,2,-1,-1
280644335209034905,56,48,35,25,5,52,-1,-1
007956522502025651,0,0,0,0,0,0,2,3
098796358263875151,23,21,15,13,22,8,1,3
281726853896441617,56,50,52,52,41,47,-1,-1
158295523106857260,35,21,28,9,33,19,3,-1
994509983214272523,93,73,89,44,52,74,-1,-1
200894109668081314,44,42,12,39,10,27,3,-1
500408046291030841,76,54,9,45,7,71,-1,-1
526503664088285340,78,61,67,17,44,50,-1,-1
597229638352521738,82,40,70,53,65,73,-1,-1
190417294151122858,43,30,25,16,13,40,1,-1
782076425572391019,89,17,64,73,62,3,-1,-1
679318872052796824,85,52,79,12,78,78,-1,-1
302783089783018523,58,53,13,53,2,46,-1,-1
575650450323376934,81,70,60,50,54,76,-1,-1
182917777170000642,41,39,37,17,0,35,1,-1
191029643558769350,43,3,37,35,39,28,1,-1
255759881295590507,52,47,49,30,43,41,0,-1
257433248634487847,52,38,27,44,40,48,1,-1
287532309736869288,56,45,33,50,52,32,-1,-1
031036483083849696,8,1,7,2,8,7,2,0
362622459719578094,65,55,48,58,54,15,-1,-1
123123123123123123,29,9,9,9,9,9,0,-1
579609647304249821,81,68,69,48,42,74,-1,-1
087641087641087641,21,18,5,18,5,18,2,1
231234231234231234,49,25,25,25,25,25,2,-1
123123123123123123,29,9,9,9,9,9,1,-1
500505505505505505,76,60,60,60,60,60,-1,-1
500505505505505505,76,60,60,60,60,60,-1,-1
390904176351997576,68,64,27,44,65,56,-1,-1
500505505505505505,76,60,60,60,60,60,-1,-1
500505505505505505,76,60,60,60,60,60,-1,-1
106058721121850112,25,4,23,8,24,7,3,0
429356855474638613,70,46,65,54,60,60,-1,-1
180919088925529713,41,39,9,39,33,36,3,-1
965272990732331842,93,52,89,83,59,86,-1,-1
284771297484001807,56,51,33,43,0,51,-1,-1
195270119600344440,43,24,12,36,28,32,3,-1
688150500520861379,86,31,67,68,80,58,-1,-1
467667500084382608,74,64,58,16,50,62,-1,-1
811971607220427320,90,85,75,44,65,56,-1,-1
441941118361855951,72,68,20,48,67,68,-1,-1
524864736778724082,78,72,69,70,69,17,-1,-1
333448414292598556,62,46,44,36,52,50,-1,-1
015206837131469726,2,1,3,1,2,3,3,1
439223876584329465,71,35,66,59,44,54,-1,-1
394053900361732497,68,10,64,45,61,53,-1,-1
197216340301247542,43,20,28,26,22,35,2,-1
221646565792518333,47,41,39,43,37,30,0,-1
582043352168117828,81,9,53,31,23,75,-1,-1
772169595496037988,89,34,74,69,8,84,-1,-1
163093995015488575,37,9,36,1,29,31,1,-1
692472124332969959,86,65,26,54,82,82,-1,-1
310842540608764496,59,55,48,50,54,46,-1,-1
423116152639458809,70,20,26,60,53,64,-1,-1
719752953763892350,87,78,82,78,81,57,-1,-1
652066032461307367,84,14,7,64,50,56,-1,-1
185842080530690133,41,38,9,33,36,13,1,-1
888161941542197292,91,35,86,74,40,53,-1,-1
505714169704871308,76,68,29,67,71,46,-1,-1
731927092678006848,87,82,21,76,0,81,-1,-1
095858198269707660,23,22,10,13,21,20,0,2
144797776927197182,33,31,31,32,15,14,2,-1
334879930469110380,62,58,58,47,17,42,-1,-1
800915934771408329,90,84,84,81,63,56,-1,-1
400489143319200049,69,53,24,42,31,8,-1,-1
540587207726495778,79,65,36,70,61,72,-1,-1
484130895251136975,75,24,70,40,24,71,-1,-1
939548855700044214,92,75,86,82,11,43,-1,-1
031915441428675703,8,8,6,6,7,7,2,3
615914698649670824,83,78,73,71,72,76,-1,-1
992974813388568095,93,89,86,64,76,22,-1,-1
474715496648067163,74,66,58,64,12,29,-1,-1
665176046773907895,85,34,10,77,80,79,-1,-1
601814122062018482,82,75,25,14,2,63,-1,-1
396034148942385895,68,6,23,64,46,64,-1,-1
778323988533251900,89,55,84,71,47,83,-1,-1
233759106586092842,49,44,13,41,12,45,3,-1
368461952100691531,65,49,62,17,57,52,-1,-1
627123409643091803,83,25,58,71,20,76,-1,-1
407509841999000647,69,54,64,66,0,59,-1,-1
759090218954779223,88,21,41,83,80,43,-1,-1
275836531422977924,54,50,44,39,52,51,-1,-1
458247981378631816,73,38,69,49,62,67,-1,-1
432238158380730444,71,36,26,49,64,53,-1,-1
554413991215028420,79,57,76,37,5,57,-1,-1
351595863398666900,64,53,59,44,55,60,-1,-1
507465444546401539,76,58,56,62,54,61,-1,-1
410373046538991759,70,47,8,56,66,63,-1,-1
771541776234372014,89,72,80,44,60,3,-1,-1
019768477211780843,2,3,2,1,3,3,0,1
912715220159584188,92,82,45,34,76,39,-1,-1
841515595358862718,91,71,76,59,84,80,-1,-1
138843688707913788,31,29,28,28,30,29,2,-1
256024180128824088,52,3,22,16,48,11,2,-1
134733184046623556,31,28,13,4,27,26,0,-1
884495429893419722,91,71,66,86,65,81,-1,-1
248872952654033993,50,47,48,44,4,48,0,-1
617066318919602969,83,14,50,78,69,78,-1,-1
125460184625882603,29,22,12,25,28,25,3,-1
426784531993733848,70,64,56,67,63,65,-1,-1
061627175602048773,16,14,7,14,2,15,2,3
316279120655762851,59,33,18,51,54,55,-1,-1
295617185665444213,57,48,24,50,42,27,-1,-1
059823209817968234,13,13,6,13,13,7,3,1
187515779797796929,41,32,37,37,37,39,1,-1
724512564409552532,87,69,71,61,71,70,-1,-1
574665556439302684,81,70,66,59,48,71,-1,-1
743080508319683298,88,19,69,53,77,51,-1,-1
861344074007389566,91,59,17,0,62,74,-1,-1
500944600529784720,76,72,64,61,70,68,-1,-1
876386080548163755,91,62,20,74,35,82,-1,-1
999481749445966166,93,72,84,69,89,36,-1,-1
358004515210607484,64,0,50,30,54,49,-1,-1
759526537803654051,88,70,71,81,76,12,-1,-1
686135671192115500,86,28,75,37,24,67,-1,-1
729487860653834909,87,67,81,75,80,82,-1,-1
225153654982967903,47,17,41,45,45,45,3,-1
111240100649893322,27,14,7,24,26,17,2,-1
109911392167881866,25,24,18,10,24,24,0,1
036720482032349909,8,8,7,1,5,8,0,2
963399043245758244,93,64,11,48,84,48,-1,-1
612650718253100542,83,71,73,44,22,67,-1,-1
175231345050762356,39,20,25,6,36,26,3,-1
657419751345354967,84,60,76,54,55,80,-1,-1
139815660123250234,31,29,28,10,17,16,1,-1
351494131535131124,64,50,21,51,21,19,-1,-1
572052013170161185,81,11,2,32,31,34,-1,-1
097903246897996458,23,22,12,22,22,17,2,0
153991570295892492,35,34,29,21,33,28,2,-1
957567757761929137,93,76,83,84,87,30,-1,-1
075240987011257813,18,10,18,1,10,17,0,2
930854870564720616,92,86,86,76,82,78,-1,-1
045484843113805107,11,9,10,3,10,3,1,0
975409273958283217,93,65,52,88,53,44,-1,-1
653784279822361469,84,77,47,78,56,64,-1,-1
765955897370325543,88,84,83,60,55,71,-1,-1
158999006864259263,35,34,0,33,19,19,1,-1
122171220272573176,29,12,14,17,25,12,0,-1
812765884380317371,90,81,84,61,55,61,-1,-1
166355339865192086,37,25,24,35,16,8,1,-1
426528990439467899,70,56,67,51,53,66,-1,-1
357234898263557148,64,32,60,35,52,22,-1,-1
044140337594783788,11,4,7,9,10,10,1,0
234824674724037115,49,45,43,44,4,14,0,-1
291206018834172817,57,26,2,53,23,52,-1,-1
561400320047229352,80,56,50,9,39,52,-1,-1
886306120342363665,91,55,28,59,61,79,-1,-1
148078423674679758,33,6,24,29,29,30,0,-1
124527676120677091,29,24,26,9,26,7,1,-1
734169142740105265,87,34,30,78,23,48,-1,-1
767193829587396023,88,39,81,73,61,5,-1,-1
126872732407842303,29,28,27,21,28,18,1,-1
505360172171976205,76,51,31,31,73,35,-1,-1
642192544849562889,84,37,68,78,69,78,-1,-1
361689480463286130,65,57,50,49,37,21,-1,-1
928139646727770347,92,30,79,82,84,59,-1,-1
539671352495000174,78,68,51,61,0,31,-1,-1
817477918826109993,90,68,84,83,23,86,-1,-1
679041473889931993,85,10,65,80,80,81,-1,-1
321820021146920865,61,56,4,21,57,56,-1,-1
081399468266789280,21,15,16,11,19,12,2,3
623186801037723510,83,35,76,7,74,65,-1,-1
090215746603574360,23,11,21,20,19,15,0,2
985278598289505574,93,52,78,53,73,77,-1,-1
276754059092681238,54,49,8,13,48,27,-1,-1
119881076120988466,27,26,5,8,26,21,2,-1
453468380257538220,73,55,50,39,58,35,-1,-1
138571161333038954,31,26,12,20,3,30,3,-1
399937285784196458,68,64,39,62,30,51,-1,-1
293879323523475504,57,53,35,45,43,45,-1,-1
028119206344344504,5,2,3,4,4,4,3,2
711320400831270265,87,54,61,80,48,47,-1,-1
457907732934675139,73,68,65,69,64,24,-1,-1
178623357123810056,39,33,26,12,36,6,2,-1
985339699401248029,93,59,82,66,48,5,-1,-1
610161454375213290,83,32,62,56,39,48,-1,-1
702979243115761355,86,82,45,24,78,56,-1,-1
983283650087237843,93,53,80,20,47,86,-1,-1
516312230932958712,77,47,39,73,73,68,-1,-1
883387953603592599,91,63,87,77,76,76,-1,-1
505748923990387758,76,69,72,73,52,69,-1,-1
402472552658390248,69,52,56,59,48,36,-1,-1
348815221800796243,63,58,31,58,57,32,-1,-1
365327901900021017,65,40,61,61,4,2,-1,-1
123123123123123123,29,9,9,9,9,9,0,-1
984455277297441185,93,69,52,54,69,39,-1,-1
087641087641087641,21,18,5,18,5,18,2,3
231234231234231234,49,25,25,25,25,25,2,-1
123123123123123123,29,9,9,9,9,9,1,-1
500505505505505505,76,60,60,60,60,60,-1,-1
500505505505505505,76,60,60,60,60,60,-1,-1
372122591167739177,66,20,55,25,59,27,-1,-1
500505505505505505,76,60,60,60,60,60,-1,-1
500505505505505505,76,60,60,60,60,60,-1,-1
358237881599253959,64,32,60,53,34,61,-1,-1
972449122512364788,93,69,28,73,62,85,-1,-1
550718231701727812,79,70,40,70,71,73,-1,-1
715736242620381817,87,77,45,74,59,80,-1,-1
077565731572051417,18,15,17,15,3,13,0,2
056007443938955048,13,0,10,13,13,2,1,0
446761515374080391,72,65,57,49,15,50,-1,-1
345687647579019141,63,55,54,52,2,22,-1,-1
702776802745815813,86,78,79,77,79,79,-1,-1
294899082897460010,57,54,12,54,43,2,-1,-1
550069185611972942,79,13,33,67,76,75,-1,-1
207893677665399004,44,42,39,39,31,0,1,-1
481502365219483411,75,59,50,35,58,53,-1,-1
019512212517427992,2,2,1,2,2,3,0,1
492678300866300838,76,66,45,70,45,70,-1,-1
130784041982696951,31,29,4,30,28,30,3,-1
443490607963263078,72,56,61,68,39,14,-1,-1
681292924249032204,86,50,81,44,7,39,-1,-1
405396190665447095,69,48,30,60,51,16,-1,-1
300712589799438696,58,52,48,53,43,51,-1,-1
770857941851663543,89,82,84,82,77,72,-1,-1
249369515923736081,50,34,40,48,45,11,3,-1
798195583870296187,89,39,74,83,52,37,-1,-1
427647648996450822,70,61,61,67,53,65,-1,-1
366927348734671615,65,61,42,58,57,55,-1,-1
512447820700007434,77,57,71,68,0,56,-1,-1
841360890590291827,91,60,85,76,53,83,-1,-1
988288923466109184,93,53,88,70,24,39,-1,-1
065155250169378555,16,6,9,6,11,13,0,2
013024605982641320,2,0,2,3,2,2,1,0
324975691998419836,61,58,53,58,43,56,-1,-1
113056406640542304,27,4,19,24,22,17,0,-1
252843247234019161,52,48,27,26,2,20,1,-1
034595869804790378,8,7,8,8,8,6,3,0
163540515231641710,37,30,30,19,32,33,0,-1
773778347609034466,89,80,57,74,8,67,-1,-1
420442893924133389,70,52,66,66,23,48,-1,-1
165917950437673858,37,35,36,27,33,35,0,-1
543322568483707679,79,49,65,61,70,69,-1,-1
889507836620245733,91,71,84,78,47,82,-1,-1
329771013613265877,61,55,2,51,33,57,-1,-1
053432507939233473,13,10,11,13,7,10,0,2
790313767839346127,89,54,81,82,57,27,-1,-1
192550130933974259,43,35,14,40,41,23,2,-1
946080614344849587,93,20,78,60,86,77,-1,-1
423946295095266822,70,67,41,17,38,65,-1,-1
291089441952082044,57,12,42,54,12,7,-1,-1
556820757674056307,79,73,72,69,11,47,-1,-1
896284825066368658,92,52,84,15,61,79,-1,-1
065875109474478270,16,15,4,12,12,9,3,2
368216001248440659,65,31,0,34,48,56,-1,-1
716790379795410984,87,79,58,79,62,83,-1,-1
467400340476344996,74,52,47,56,47,70,-1,-1
211395775839974091,46,32,42,42,44,11,1,-1
519383462091071409,77,53,58,18,15,54,-1,-1
950973647874815982,93,88,80,86,85,88,-1,-1
967184687549919961,93,39,81,75,87,88,-1,-1
384839649023359167,67,62,57,4,44,26,-1,-1
726853838412366329,87,81,80,62,58,54,-1,-1
310142920136249929,59,21,56,19,31,56,-1,-1
778263776798554845,89,48,80,81,72,82,-1,-1
406154160138184735,69,25,26,22,29,61,-1,-1
535810648465645560,78,72,67,59,67,64,-1,-1
462575319781620102,74,61,45,67,63,19,-1,-1
531317153554780715,78,48,29,64,71,69,-1,-1
934027264406581031,92,5,50,65,77,8,-1,-1
589884908494640275,81,76,76,63,70,45,-1,-1
262032200446306734,53,5,24,39,32,48,-1,-1
337143966717040435,62,21,59,55,7,45,-1,-1
359975311274742153,64,61,39,36,57,23,-1,-1
495057875190990151,76,11,71,33,72,28,-1,-1
255414864467319932,52,37,48,39,32,49,3,-1
121251134966471738,29,16,10,28,23,27,1,-1
853898739564493648,91,85,81,74,70,78,-1,-1
825562073088939866,90,74,17,19,85,84,-1,-1
463592611635170569,74,61,62,63,30,60,-1,-1
914468866763171743,92,69,86,83,37,82,-1,-1
578524845458070079,81,64,75,60,15,15,-1,-1
654740671839680360,84,76,74,78,74,56,-1,-1
458099024398360581,73,17,4,51,48,60,-1,-1
224844627848700804,47,44,40,44,42,43,1,-1
315876922029626849,59,56,56,3,51,55,-1,-1
692507204608486213,86,67,39,72,66,40,-1,-1
513752472428330406,77,69,59,56,49,54,-1,-1
890602725961354679,92,77,82,87,60,80,-1,-1
176608937178590860,39,33,37,16,33,37,1,-1
472890714738660597,74,70,66,66,64,62,-1,-1
439339701798786254,71,45,63,65,65,38,-1,-1
126942543395988851,29,28,24,21,28,28,1,-1
485957059576541607,75,71,11,62,61,63,-1,-1
344582260813811008,63,52,34,58,58,0,-1,-1
798086193137080104,89,19,39,29,19,23,-1,-1
742843912100056591,88,81,82,23,12,73,-1,-1
506176080871079531,76,31,16,71,15,61,-1,-1
361034214293868372,65,6,31,38,60,44,-1,-1
560824532934190390,80,74,64,76,35,56,-1,-1
398964463714188646,68,64,51,60,28,58,-1,-1
688986215337946384,86,82,40,54,81,59,-1,-1
301087111067583976,58,13,17,10,48,56,-1,-1
514163949937523454,77,30,73,73,61,57,-1,-1
551665376127464631,79,69,54,24,60,68,-1,-1
358175179444594259,64,26,26,47,53,34,-1,-1
145246233004759398,33,17,17,0,30,23,1,-1
180096879430263239,41,10,38,30,22,21,1,-1
327742445537058126,61,54,45,49,9,18,-1,-1
122506929941408411,29,23,28,28,21,21,0,-1
951021539938591858,93,5,74,88,77,86,-1,-1
681531777356646929,86,69,78,56,74,81,-1,-1
193892946514289487,43,40,40,34,24,33,3,-1
450026152448757404,73,4,27,54,66,51,-1,-1
046403663741407694,11,8,10,10,8,10,0,1
033027750382806140,8,0,8,6,8,3,2,3
370197985804517147,66,29,63,60,52,23,-1,-1
271267949549198485,54,30,52,44,24,42,-1,-1
106208706537140325,25,12,23,20,9,16,1,0
371941617901334118,66,62,56,62,42,19,-1,-1
419783562211662406,70,63,57,33,60,49,-1,-1
485267535131721783,75,41,60,24,67,68,-1,-1
479372861851769076,74,50,69,69,67,14,-1,-1
927144373687382510,92,32,62,81,63,73,-1,-1
959051701004505400,93,13,82,0,72,65,-1,-1
564041073619245460,80,9,15,68,41,60,-1,-1
643030546549099626,84,7,68,68,20,71,-1,-1
792957276797494093,89,85,50,81,69,21,-1,-1
709494013743721084,86,67,3,77,77,19,-1,-1
034848294090663769,8,8,5,2,7,8,3,1
194563693853742473,43,35,38,40,38,33,1,-1
213462241977108681,46,35,24,44,12,40,3,-1
381194670166562244,67,29,58,26,55,35,-1,-1
551547455368679835,79,64,59,53,69,73,-1,-1
389756500022527397,67,60,52,4,53,46,-1,-1
103385918655027129,25,17,24,22,1,8,2,1
433285686669266771,71,41,62,62,39,65,-1,-1
315401310532897405,59,42,36,48,56,42,-1,-1
534172259151840990,78,31,42,29,72,75,-1,-1
733513938353075678,87,69,83,57,17,76,-1,-1
713083625996932761,87,19,74,83,82,78,-1,-1
921996770700880908,92,88,84,81,86,87,-1,-1
230707129850261356,49,43,15,45,27,32,0,-1
600935079663162512,82,78,16,71,32,65,-1,-1
060513498852436714,16,13,13,15,12,14,3,2
371388603667879864,66,45,55,57,61,61,-1,-1
340572537822369632,63,52,50,58,42,54,-1,-1
455127100583499403,73,22,19,60,56,51,-1,-1
148344099867230240,33,22,8,31,17,17,2,-1
633615757708269662,84,71,75,74,46,72,-1,-1
640701290848615437,84,74,49,78,71,61,-1,-1
376542351861698406,66,53,43,61,58,46,-1,-1
773087414136650972,89,19,63,29,76,84,-1,-1
761279744007964828,88,49,79,0,84,81,-1,-1
334566267765147225,62,51,34,56,21,30,-1,-1
284701114609123671,56,49,16,47,17,49,-1,-1
488675076235746833,75,65,14,38,67,69,-1,-1
676409006833998108,85,60,0,79,81,22,-1,-1
514328883578922773,77,48,72,64,73,70,-1,-1
772494544748163825,89,69,72,79,34,82,-1,-1
265469284039507143,53,40,30,5,42,18,-1,-1
055895206941268713,13,13,6,13,7,12,2,0
220808728774791821,47,43,42,43,43,44,2,-1
584386709542765856,81,56,72,65,73,75,-1,-1
357812067847322859,64,59,11,59,40,59,-1,-1
995933802611861564,93,88,85,79,87,76,-1,-1
654198929588712512,84,37,80,70,75,67,-1,-1
066520063980008914,16,13,3,15,0,15,1,3
947572527295491801,93,76,74,54,72,85,-1,-1
759830219203786894,88,81,41,40,80,82,-1,-1
201566018580300531,44,36,1,37,27,36,1,-1
855989411664430332,91,86,65,79,66,57,-1,-1
876731768858573327,91,81,82,85,75,57,-1,-1
581517766050383954,81,64,73,11,56,77,-1,-1
374941125702288665,66,62,20,58,38,57,-1,-1
134251385495689917,31,17,22,25,28,30,1,-1
235759567346422415,49,44,40,32,35,35,1,-1
525297459643030481,78,45,58,67,7,60,-1,-1
441176052019197081,72,29,10,2,32,15,-1,-1
304195821186560907,58,26,54,25,48,55,-1,-1
363167596646352067,65,25,54,56,43,11,-1,-1
269154104592853290,53,19,14,44,49,31,-1,-1
207534403333398933,44,36,31,28,31,42,2,-1
063306420624193060,16,10,12,14,7,3,3,0
219423200168663018,46,33,21,18,40,1,0,-1
137241693386791230,31,16,28,22,29,16,3,-1
833241368021487935,90,47,60,5,69,85,-1,-1
598249786134229646,82,42,74,27,40,70,-1,-1
063850029911844749,16,15,1,15,15,15,1,2
392544788400889053,68,55,62,48,63,10,-1,-1
073233164903468655,18,9,7,17,14,16,0,3
015045450469890598,2,0,2,2,3,2,0,3
950070818106917170,93,18,85,24,87,37,-1,-1
738511783439225899,87,69,79,64,42,82,-1,-1
311469389544667380,59,45,41,48,52,41,-1,-1
801181022749154029,90,38,5,80,33,5,-1,-1
142522636946911932,33,27,29,32,32,32,3,-1
925944329486212821,92,87,57,71,43,85,-1,-1
036037133041603294,8,1,3,1,7,5,1,0
382690619065371578,67,59,57,11,45,55,-1,-1
026042454765614038,5,1,4,5,5,0,1,3
298916932568075970,57,54,54,47,11,54,-1,-1
845174918798017901,91,36,85,83,3,85,-1,-1
559749840603105909,79,71,74,67,21,75,-1,-1
094046470236878111,23,3,18,12,22,7,3,2
727467235586853352,87,66,44,72,81,57,-1,-1
968464526267340749,93,70,74,51,60,83,-1,-1
343978828537889658,63,60,58,50,59,54,-1,-1
929042174600746863,92,10,37,77,83,86,-1,-1
011581968753929311,2,2,3,3,3,2,3,1
183040553695440176,41,5,33,36,30,17,3,-1
660790942156230363,85,77,80,31,43,56,-1,-1
054419844427877706,13,10,13,10,13,12,3,0
313791820489510458,59,54,55,46,47,44,-1,-1
296766983213390370,57,52,54,27,40,39,-1,-1
495599599235006858,76,63,63,38,0,70,-1,-1
476111921533580280,74,21,70,60,62,43,-1,-1
902318640600652004,92,56,79,77,79,0,-1,-1
042390737969817406,11,8,10,11,10,8,1,2
312947862582434874,59,56,55,49,43,56,-1,-1
249866368732537485,50,47,34,45,40,39,0,-1
515258046973890837,77,41,9,73,72,71,-1,-1
912579471476477308,92,76,70,70,70,55,-1,-1
733020099128633077,87,5,21,27,75,17,-1,-1
717491538771651382,87,67,69,79,75,59,-1,-1
082303180449131351,21,13,9,15,7,14,1,2
457269215867905237,73,40,34,68,68,37,-1,-1
898653885251244817,92,79,86,49,47,84,-1,-1
071757409750039911,18,17,13,17,2,18,2,3
522302946899694523,78,46,74,73,68,62,-1,-1
155917826472687262,35,34,33,27,31,19,3,-1
752576989583477039,88,73,84,73,67,8,-1,-1
228348045165565155,47,31,5,18,39,17,3,-1
811135289150737020,90,29,51,33,80,5,-1,-1
803640441619930482,90,77,66,76,84,69,-1,-1
174790399034504604,39,36,27,3,31,33,1,-1
267485350159435713,53,41,35,19,39,47,-1,-1
549318004863869815,79,48,0,73,73,72,-1,-1
798657414411967597,89,77,64,64,85,74,-1,-1
190036635709142184,43,4,37,38,15,18,0,-1
748465578609742631,88,66,72,74,79,75,-1,-1
427479042413346192,70,54,8,50,45,31,-1,-1
304998844802844114,58,56,54,53,54,17,-1,-1
937570662761632764,92,76,80,83,79,83,-1,-1
457150139185419313,73,27,24,31,52,44,-1,-1
513550317848555950,77,63,47,71,63,73,-1,-1
647564377557576200,84,69,57,68,69,38,-1,-1
622658166124272223,83,72,32,25,46,40,-1,-1
333915910106486683,62,58,58,16,47,54,-1,-1
822885428751800070,90,84,65,81,82,17,-1,-1
869728406000087543,91,81,64,0,20,73,-1,-1
917490623843849058,92,71,78,85,85,13,-1,-1
602941471977390272,82,78,62,78,57,46,-1,-1
378646446836249154,66,57,49,61,34,24,-1,-1
927965245452690357,92,88,48,69,81,60,-1,-1
106914692006513289,25,24,22,0,20,15,0,3
838082217402931955,90,19,42,63,85,86,-1,-1
544704597003079842,79,70,66,0,15,73,-1,-1
801923251427302340,90,84,47,64,53,58,-1,-1
251292216907064978,52,30,24,49,9,49,1,-1
657117686539774184,84,24,74,68,76,35,-1,-1
168711240221776820,37,33,19,18,34,35,3,-1
881639918330800100,91,78,86,58,84,24,-1,-1
658931189703318334,84,80,35,75,51,53,-1,-1
206959949047276346,44,42,42,5,25,29,3,-1
133407537767747427,31,22,25,29,28,23,3,-1
703830955579878256,86,80,82,71,80,46,-1,-1
038354238251195567,8,6,4,4,4,7,0,3
676368693598518239,85,57,75,71,67,43,-1,-1
420283123791166491,70,40,21,64,27,55,-1,-1
899625969854643829,92,78,87,85,79,84,-1,-1
662206279113189787,85,39,47,24,36,77,-1,-1
286453741075152429,56,42,50,11,20,40,-1,-1
062087088447053244,16,3,3,12,2,8,2,3
743234497091175444,88,44,68,21,35,65,-1,-1
171994018841674794,39,38,1,36,34,36,2,-1
052051054291807076,13,2,2,8,13,3,3,1
488186293640022021,75,32,44,64,4,4,-1,-1
171456738038432009,39,29,35,3,29,0,2,-1
285218858913449533,56,26,52,53,41,45,-1,-1
374953686060095541,66,63,58,11,16,53,-1,-1
096398901621761199,23,16,22,20,21,10,2,3
003966336901394120,0,0,0,0,0,0,3,2
272390052023487080,54,38,8,3,42,12,-1,-1
003252069440665120,0,0,0,0,0,0,1,2
746769252075910003,88,79,47,17,82,0,-1,-1
543988306689066937,79,75,47,69,13,75,-1,-1
971483908268494964,93,71,87,51,72,88,-1,-1
357841470886625387,64,59,49,60,54,44,-1,-1
131882079433736435,31,30,6,23,28,23,2,-1
123798874214688499,29,27,28,14,26,23,0,-1
196589086410722954,43,35,9,30,38,41,0,-1
818091980140980095,90,21,86,31,86,21,-1,-1
545127312167125443,79,24,48,30,24,58,-1,-1
910943966377153700,92,87,87,62,34,81,-1,-1
499446527256305700,76,56,60,40,45,67,-1,-1
598974324804917463,82,78,51,75,77,61,-1,-1
267014549778728843,53,2,43,48,47,49,-1,-1
831727739843045736,90,80,81,83,10,81,-1,-1
238390674699412719,49,34,43,43,35,43,2,-1
333068639918662758,62,10,53,58,54,56,-1,-1
157732541769185236,35,32,29,32,15,18,3,-1
457266640478996525,73,40,63,55,70,58,-1,-1
744407126675340298,88,62,27,76,56,51,-1,-1
221649307315103830,47,41,28,29,12,44,1,-1
649917764358160323,84,79,76,55,32,52,-1,-1
430989104098512582,71,68,19,17,56,59,-1,-1
823563588293870807,90,74,75,53,84,82,-1,-1
385170109412296988,67,27,17,48,39,64,-1,-1
316848769621958937,59,55,54,51,56,56,-1,-1
627645496955651066,83,71,64,79,72,14,-1,-1
884639047909818661,91,78,10,86,84,79,-1,-1
007549135750388450,0,0,0,0,0,0,3,1
743161143783990890,88,34,30,80,84,82,-1,-1
325199900944333614,61,27,57,57,38,51,-1,-1
818329679935325517,90,56,78,85,56,71,-1,-1
374990721352199368,66,63,59,43,29,44,-1,-1
513960706944961954,77,73,68,73,73,73,-1,-1
696371444851114166,86,58,63,80,24,33,-1,-1
925941059529415903,92,87,13,73,66,87,-1,-1
110040064379446374,27,3,5,19,20,19,1,-1
796103169075392122,89,23,34,17,62,27,-1,-1
108519900948240273,25,20,24,24,13,14,2,0
501985129681450893,76,73,23,67,57,72,-1,-1
665348952777117119,85,55,80,77,24,24,-1,-1
022293604179182413,5,3,5,2,2,4,0,2
770688494400674332,89,78,69,62,77,56,-1,-1
758129296927544436,88,27,51,83,71,64,-1,-1
813589997857357480,90,74,86,83,59,69,-1,-1
582259699553878620,81,43,71,66,76,69,-1,-1
502556003911400310,76,62,0,72,54,47,-1,-1
464818908812077293,74,68,69,68,14,43,-1,-1
152792873132739971,35,33,33,12,32,34,2,-1
089683487851976258,21,18,16,19,20,11,2,0
946071312751004165,93,18,56,83,0,35,-1,-1
604245492020257110,82,42,64,5,44,23,-1,-1
228437447385279894,47,35,35,33,27,45,2,-1
398703022034584687,68,60,4,6,56,59,-1,-1
764058415552243279,88,12,63,72,46,49,-1,-1
378856681160737124,66,61,58,25,59,20,-1,-1
311104835354423112,59,16,55,39,43,17,-1,-1
499203529767972089,76,34,60,68,72,16,-1,-1
940825667394817840,93,85,80,64,85,86,-1,-1
966315148138121389,93,57,32,30,28,64,-1,-1
590703071046334180,82,72,16,9,52,34,-1,-1
911444972738001909,92,68,88,82,0,86,-1,-1
782145925039889998,89,31,84,8,83,85,-1,-1
330833538763177337,62,57,50,56,25,39,-1,-1
220712692031803517,47,42,42,4,43,37,2,-1
259484846253248487,52,40,48,28,27,40,3,-1
704304476806122488,86,52,66,79,26,66,-1,-1
569827067217134640,80,74,13,38,26,69,-1,-1
480169427278747437,75,29,54,42,67,55,-1,-1
114711736101598784,27,25,25,7,23,25,2,-1
738207095989705152,87,40,21,83,77,32,-1,-1
091326372187362207,23,14,16,10,15,11,2,1
489436701298201512,75,55,66,44,34,59,-1,-1
032043719118298805,8,1,8,2,5,8,0,3
096212032300716307,23,11,2,14,21,14,3,1
957497819468325537,93,72,85,70,58,74,-1,-1
458619882400743586,73,62,68,51,65,60,-1,-1
678617954366732306,85,72,81,57,76,51,-1,-1
758924532044314485,88,83,71,10,54,68,-1,-1
987441990667456535,93,69,89,81,69,75,-1,-1
049617445197132447,11,9,8,5,4,8,1,2
605234479854035209,82,41,62,76,7,37,-1,-1
267899095610556189,53,50,13,45,43,22,-1,-1
101684244504450281,25,22,13,20,19,15,0,2
840096150287992669,91,22,33,52,86,78,-1,-1
609919950074542653,82,77,78,16,66,71,-1,-1
876978365676199422,91,87,61,79,40,66,-1,-1
410236913359524256,70,35,65,46,55,37,-1,-1
558384020271125110,79,54,5,44,24,22,-1,-1
927771507627339993,92,84,72,78,58,88,-1,-1
701685148965809503,86,76,30,82,79,67,-1,-1
325787443831092186,61,55,45,56,14,25,-1,-1
402805337693577750,69,63,43,60,57,62,-1,-1
581085127057911741,81,17,25,11,76,73,-1,-1
595399873259411052,82,57,76,43,58,11,-1,-1
398796093963851966,68,62,16,64,63,64,-1,-1
117112786320985427,27,8,25,17,26,20,0,-1
841080020504326395,91,19,5,71,56,63,-1,-1
382012217091350179,67,2,31,16,44,27,-1,-1
666834559536934126,85,78,69,68,80,26,-1,-1
643920415087538031,84,79,60,18,67,7,-1,-1
598907505233535039,82,77,64,41,65,7,-1,-1
883233960067631951,91,46,87,15,78,87,-1,-1
087431176404206707,21,15,8,15,10,19,2,3
808832922136702762,90,83,84,29,79,81,-1,-1
263179428972082822,53,21,38,51,11,49,-1,-1
999641694308958550,93,80,82,56,88,76,-1,-1
523674517413266819,78,68,61,55,42,71,-1,-1
394274917659149714,68,38,64,59,23,60,-1,-1
072732588897822201,18,17,15,17,17,8,1,0
178133132858913660,39,13,13,36,37,34,2,-1
383300510056664222,67,40,53,9,58,33,-1,-1
129546966874127203,29,24,28,28,9,14,2,-1
375857620934294286,66,61,56,62,39,38,-1,-1
163816586809267048,37,34,31,34,20,4,0,-1
477087475477809333,74,16,57,57,68,47,-1,-1
408890117782651785,69,64,19,63,59,63,-1,-1
772365811150186322,89,59,81,32,37,55,-1,-1
501415819233563991,76,54,70,38,63,73,-1,-1
371441225784994574,66,49,32,60,63,54,-1,-1
800699316055760811,90,79,55,13,81,82,-1,-1
789883589271214385,89,83,74,50,42,61,-1,-1
255626559884115866,52,44,42,49,15,48,3,-1
776235669410946613,89,44,77,63,84,75,-1,-1
594209920747716301,82,37,77,73,72,49,-1,-1
666148010814496274,85,29,3,78,66,47,-1,-1
049712364143435031,11,10,7,4,8,1,2,3
928368822136730183,92,61,85,30,82,39,-1,-1
869573937780768667,91,75,86,83,82,79,-1,-1
317866336667844690,59,55,38,52,55,52,-1,-1
781164259716456217,89,34,47,79,66,42,-1,-1
641886416191371942,84,78,60,37,57,79,-1,-1
570441779195374364,81,59,73,35,54,54,-1,-1
784220055557131230,89,43,12,72,29,45,-1,-1
078500689595685372,18,15,16,16,16,13,2,0
419841312196819060,70,64,42,30,64,12,-1,-1
148001290365794109,33,0,20,22,31,9,3,-1
162180131741652947,37,16,12,34,32,35,2,-1
914351841731378049,92,60,85,82,62,10,-1,-1
811385323406562621,90,61,56,63,73,76,-1,-1
215580987170416163,46,38,44,18,33,18,1,-1
588265138796359410,81,44,26,74,53,58,-1,-1
881266217458443150,91,50,43,68,67,33,-1,-1
556278475452747219,79,44,60,59,71,37,-1,-1
781240912907351056,89,46,84,83,58,12,-1,-1
734600900368713971,87,73,82,58,77,83,-1,-1
538774627651857012,78,71,67,68,73,2,-1,-1
829845991698043415,90,83,86,79,10,64,-1,-1
641695805357271191,84,74,77,55,47,37,-1,-1
950126261723187559,93,28,51,83,39,75,-1,-1
333647307725668453,62,53,37,55,54,46,-1,-1
653708018489029717,84,75,3,65,5,75,-1,-1
086646000467893172,21,18,0,16,20,8,1,2
900387321219116548,92,63,57,43,26,74,-1,-1
231223888449004931,49,24,46,36,0,46,0,-1
337802849107157468,62,57,57,16,23,47,-1,-1
381995584044909478,67,64,56,8,63,51,-1,-1
037821985109895812,8,8,8,2,8,8,2,0
986194046140590333,93,41,11,32,78,59,-1,-1
396142863055597224,68,23,63,10,57,33,-1,-1
189099594186165538,41,10,34,17,16,33,0,-1
528686578001525322,78,68,64,0,62,48,-1,-1
836470528618053832,90,69,72,76,13,83,-1,-1
132688198438238595,31,28,14,23,16,27,0,-1
022864377068686208,5,5,4,1,5,3,2,1
521528059285383168,78,62,11,44,53,30,-1,-1
785040075725693474,89,10,17,79,78,68,-1,-1
613119291193147328,83,23,48,36,29,51,-1,-1
467271140856355062,74,41,25,68,48,12,-1,-1
292606145833168670,57,48,20,53,22,50,-1,-1
475286505597409908,74,43,58,62,52,70,-1,-1
561285689868950067,80,46,70,74,76,13,-1,-1
382194874844717763,67,29,62,62,59,60,-1,-1
522646920207297149,78,67,73,35,45,27,-1,-1
500937152198976502,76,72,28,33,73,60,-1,-1
566899859563337908,80,75,74,66,51,75,-1,-1
972573229647460417,93,77,45,80,70,66,-1,-1
860415521251492283,91,65,72,48,70,52,-1,-1
047987389414772368,11,11,8,8,10,7,2,3
134613345802232843,31,27,20,29,16,29,2,-1
512257897931355940,77,41,72,73,50,73,-1,-1
410995858529404653,70,66,65,55,49,60,-1,-1
216750656179778407,46,41,40,18,42,32,3,-1
873122973098314587,91,28,87,22,56,76,-1,-1
948630635497222710,93,79,79,72,45,82,-1,-1
439127881491674636,71,22,67,55,62,61,-1,-1
950433254072169507,93,68,49,18,36,72,-1,-1
307071346764531645,58,11,38,53,47,50,-1,-1
191481092955175754,43,33,10,41,17,38,1,-1
448426908206237356,72,52,68,33,36,47,-1,-1
487095558442863523,75,18,61,55,70,60,-1,-1
416466255090306477,70,52,37,17,42,53,-1,-1
324449853809459262,61,45,56,56,45,33,-1,-1
218863200372265085,46,43,21,31,25,10,2,-1
259333309299056906,52,33,31,30,7,49,1,-1
760776127021834948,88,80,27,5,82,84,-1,-1
572372506959774550,81,54,63,76,73,66,-1,-1
045137496015157255,11,4,9,0,4,6,3,2
121677428884731864,29,26,21,28,27,28,2,-1
558782222851722224,79,72,39,74,71,39,-1,-1
635292876160487727,84,49,78,32,64,74,-1,-1
401097367675961199,69,16,46,60,65,30,-1,-1
874445809322796042,91,67,83,57,83,10,-1,-1
412319263909564378,70,42,38,65,57,47,-1,-1
050319059795426267,13,8,2,13,10,7,1,0
098182851184514906,23,10,22,10,18,22,0,3
010982450909389341,2,3,2,3,2,2,1,3
668846422309610395,85,78,61,51,72,59,-1,-1
919273574787016999,92,51,76,84,3,88,-1,-1
902915722951316452,92,86,82,87,56,68,-1,-1
460235536995560597,74,37,59,70,60,61,-1,-1
806145423401811456,90,31,64,63,82,67,-1,-1
479192444609477760,74,33,55,62,57,67,-1,-1
168831654034452759,37,35,32,3,28,34,1,-1
783733475390112192,89,79,68,62,25,39,-1,-1
291166387095630867,57,22,39,14,49,53,-1,-1
812268836735492427,90,49,83,80,70,65,-1,-1
011967254083577470,2,3,2,1,2,2,3,2
425929009811125744,70,66,0,65,21,63,-1,-1
387121053411747550,67,20,9,48,60,54,-1,-1
676214289727881616,85,40,49,76,80,72,-1,-1
235426827957466437,49,35,45,46,37,36,1,-1
516729310725563041,77,69,47,69,63,9,-1,-1
888457795413929694,91,68,83,65,86,80,-1,-1
675175144610219918,85,34,29,72,40,80,-1,-1
316131431909090229,59,19,43,56,14,29,-1,-1
889047441607952287,91,10,67,77,87,52,-1,-1
341665409521328560,63,55,44,50,39,52,-1,-1
729190216730853298,87,38,41,78,81,51,-1,-1
463564748058160127,74,60,66,10,28,22,-1,-1
244330356813619665,50,32,33,46,43,44,2,-1
599367413085795287,82,54,58,18,74,47,-1,-1
409165974775284946,69,26,65,62,39,65,-1,-1
342138206373612882,63,20,29,42,53,59,-1,-1
804695009356251163,90,79,0,59,47,34,-1,-1
801690369128231305,90,79,59,27,45,53,-1,-1
119759958840635976,27,25,26,26,24,26,0,-1
205805213598697222,44,41,21,37,39,22,2,-1
395405741680144427,68,48,61,59,23,49,-1,-1
427418444415867992,70,50,52,50,66,67,-1,-1
880552184757686300,91,74,38,82,80,55,-1,-1
705802747246206168,86,79,77,45,39,33,-1,-1
546349700229635054,79,51,70,38,67,11,-1,-1
974849233556811361,93,86,47,76,85,62,-1,-1
607098177057364265,82,20,33,12,55,45,-1,-1
392543069815242856,68,55,11,62,35,63,-1,-1
075394220892643613,18,13,9,17,16,16,2,1
325410689753523391,61,43,53,55,48,42,-1,-1
243220977104580948,50,25,48,13,42,48,0,-1
907929981246902920,92,87,87,47,86,87,-1,-1
266184875747839881,53,22,50,48,49,50,-1,-1
756552449280822190,88,72,65,50,81,38,-1,-1
636398145058113227,84,58,29,12,24,41,-1,-1
259909178474844644,52,49,21,39,48,45,2,-1
061917955204742907,16,15,15,7,15,15,2,1
659424209257223667,84,61,38,45,41,73,-1,-1
433403258599972649,71,50,38,60,68,61,-1,-1
147197608119551188,33,15,28,10,27,14,0,-1
654134799239849750,84,27,77,42,78,76,-1,-1
244337513071512271,50,32,40,10,40,28,0,-1
724744014151230526,87,78,3,32,44,69,-1,-1
614886302313229530,83,77,49,50,40,66,-1,-1
538383261405461501,78,54,43,55,59,61,-1,-1
954819192540555865,93,85,41,75,75,86,-1,-1
560849884574988424,80,74,75,66,76,58,-1,-1
048228268876216383,11,5,6,10,5,8,1,3
521247710764150648,78,40,69,70,28,67,-1,-1
698196153290851604,86,38,31,50,80,72,-1,-1
723139351713044826,87,28,57,77,10,80,-1,-1
537396176755873938,78,54,31,71,73,74,-1,-1
178388564906013889,39,27,32,37,1,37,1,-1
238056922811579630,49,7,46,45,40,42,2,-1
903226619117636403,92,45,78,26,78,65,-1,-1
889266139388568390,91,50,30,63,75,63,-1,-1
827987167386535081,90,86,35,62,72,19,-1,-1
975357931011841986,93,61,88,3,86,89,-1,-1
545047742261331461,79,9,71,43,50,59,-1,-1
225709135674692738,47,42,15,41,42,42,2,-1
802661548777246617,90,78,72,81,46,76,-1,-1
802775848824079669,90,81,83,82,17,78,-1,-1
068385562080709542,16,11,13,3,14,13,0,2
831459901854820026,90,67,85,84,83,5,-1,-1
702598093793945663,86,72,21,79,82,75,-1,-1
379715638044993377,66,58,56,8,63,44,-1,-1
889094729697232524,91,22,81,80,46,73,-1,-1
668905458520969329,85,80,63,67,81,53,-1,-1
310967489347860526,59,57,46,38,55,47,-1,-1
360999796099296885,65,62,59,15,38,61,-1,-1
940017072732189515,93,3,18,83,39,73,-1,-1
189884616319520952,41,38,35,25,33,39,2,-1
163705465369161139,37,33,28,25,14,12,0,-1
535871790036148862,78,73,71,7,27,73,-1,-1
505913437389464092,76,72,56,52,58,18,-1,-1
577911339996029254,81,76,51,77,5,43,-1,-1
249385248693738739,50,35,26,44,45,45,1,-1
237333883494122886,49,31,46,38,15,46,1,-1
939528626019153369,92,73,78,3,34,61,-1,-1
425314199229052295,70,43,31,34,10,41,-1,-1
941233294395702332,93,46,54,64,82,59,-1,-1
084006194977746683,21,0,9,20,19,18,2,0
594163954404978917,82,31,77,57,78,77,-1,-1
787592087862083888,89,74,19,83,19,83,-1,-1
467418469212826143,74,52,55,35,68,25,-1,-1
378320410170523695,66,41,47,27,52,58,-1,-1
152326550386078959,35,22,29,24,7,34,0,-1
083441108626948228,21,15,5,18,20,10,2,0
484023628855128235,75,4,64,70,23,38,-1,-1
306300673160930005,58,35,51,22,55,0,-1,-1
881216627851362950,91,43,78,85,61,87,-1,-1
677686551941138948,85,75,69,81,28,81,-1,-1
900658780153127619,92,79,83,33,28,78,-1,-1
430753298660803771,71,64,42,62,65,65,-1,-1
446730089532614814,72,64,15,58,61,66,-1,-1
604998669282524696,82,78,71,47,65,72,-1,-1
717592027797285876,87,72,5,79,50,81,-1,-1
358741109169525586,64,57,17,25,51,53,-1,-1
958859812734852659,93,86,85,83,86,80,-1,-1
592023034668819598,82,5,7,71,75,68,-1,-1
378905451404536090,66,62,49,46,53,16,-1,-1
431723811821466803,71,63,65,66,54,65,-1,-1
126794737676126205,29,27,27,26,9,14,1,-1
525811458089189827,78,71,58,17,33,72,-1,-1
690971827656116999,86,82,79,74,24,82,-1,-1
303633974820608161,58,50,56,54,49,22,-1,-1
259780396293022896,52,47,36,30,3,49,1,-1
358867791987970845,64,59,58,61,61,59,-1,-1
715001206702114538,87,0,39,77,25,69,-1,-1
456154566484167494,73,27,60,56,28,56,-1,-1
607616579248827891,82,69,68,42,76,77,-1,-1
617273050108364019,83,46,12,22,55,2,-1,-1
988698891238100068,93,82,87,47,24,15,-1,-1
876747776383360121,91,82,83,62,61,28,-1,-1
845477080405980528,91,69,19,64,86,72,-1,-1
781223487997804506,89,43,68,85,81,70,-1,-1
374651807722871687,66,57,60,59,61,58,-1,-1
572795900306318197,81,74,76,48,49,35,-1,-1
305679317977710856,58,51,36,56,52,54,-1,-1
214415831056717561,46,33,42,6,41,38,2,-1
487977515258666413,75,71,59,40,65,53,-1,-1
634881364012801032,84,78,56,2,76,7,-1,-1
126433512283819011,29,22,23,17,27,1,2,-1
511118503231857794,77,22,60,39,72,70,-1,-1
585555428009787947,81,66,58,0,74,77,-1,-1
496110984584998050,76,21,72,63,72,11,-1,-1
095415574502990005,23,17,19,18,22,0,1,3
478333781103334726,74,47,68,19,47,66,-1,-1
680446865293459341,86,63,80,50,64,55,-1,-1
532848471742064290,78,72,60,70,13,46,-1,-1
923922689876176822,92,87,81,86,37,85,-1,-1
075021305982306170,18,1,11,18,11,7,0,3
481213637525310334,75,35,64,60,46,47,-1,-1
155966417197776452,35,34,25,16,32,27,0,-1
529123859500770542,78,24,72,61,70,63,-1,-1
171012855881588110,39,1,36,37,33,11,1,-1
155267096243510889,35,19,8,18,28,33,2,-1
949252034615755523,93,49,8,78,83,74,-1,-1
872617296690403648,91,77,53,80,64,78,-1,-1
689638031249641284,86,73,7,44,74,49,-1,-1
197156963279477634,43,16,41,24,33,37,1,-1
884105746815178096,91,24,82,84,37,22,-1,-1
280627165764191509,56,48,21,51,24,44,-1,-1
816504823927966414,90,70,83,85,85,64,-1,-1
398329386369919949,68,42,46,45,64,64,-1,-1
027711012146413449,5,5,0,2,4,4,2,0
710137859285024528,87,28,80,50,5,69,-1,-1
347374127848382162,63,42,19,58,43,24,-1,-1
882576776701079404,91,75,83,81,17,64,-1,-1
102692555820504779,25,22,21,23,20,23,3,2
236214289195802862,49,23,28,21,45,46,0,-1
938283429027592962,92,53,67,5,77,88,-1,-1
834089648365276188,90,19,77,60,50,38,-1,-1
785708491535970636,89,79,69,71,85,76,-1,-1
301239957120761499,58,29,55,18,53,45,-1,-1
496211750547864978,76,36,68,61,70,72,-1,-1
827785380226666484,90,82,62,44,78,69,-1,-1
953833186677815106,93,86,39,81,85,24,-1,-1
550628712388776536,79,68,70,54,72,64,-1,-1
566102272633201194,80,21,45,68,36,35,-1,-1
598090738146329221,82,19,73,28,51,40,-1,-1
917445969831124724,92,68,87,85,28,82,-1,-1
891101386267375556,92,24,63,50,62,74,-1,-1
166428451729976524,37,27,28,33,36,30,3,-1
337584349759125172,62,51,40,56,19,25,-1,-1
090935264043968878,23,22,13,3,22,22,0,3
251302602625088721,52,31,44,44,11,46,1,-1
855153454003919896,91,33,68,0,85,85,-1,-1
152858258853602273,35,33,19,33,30,20,3,-1
622168929818680769,83,32,78,76,73,75,-1,-1
231682878493361810,49,43,46,38,33,45,0,-1
707428020154018254,86,62,5,31,3,46,-1,-1
850610960327396198,91,77,86,56,63,40,-1,-1
464691964016085910,74,65,70,2,16,69,-1,-1
663898628140517434,85,79,72,29,67,62,-1,-1
876963492444163669,91,87,71,67,35,79,-1,-1
483321699761985483,75,47,66,68,72,58,-1,-1
884408388159933130,91,64,63,33,86,30,-1,-1
525222727258084679,78,38,69,41,17,68,-1,-1
678806936235864220,85,78,80,43,79,41,-1,-1
848148274926998384,91,31,51,85,86,62,-1,-1
737030189440588598,87,8,37,64,72,73,-1,-1
422489853343698456,70,54,65,45,62,53,-1,-1
090406490028137524,23,16,18,1,8,19,3,0
319859310141786270,59,55,36,21,54,33,-1,-1
988873674399894388,93,87,81,65,87,64,-1,-1
303091539800520561,58,14,47,53,46,48,-1,-1
928615887268090407,92,78,86,50,22,65,-1,-1
887286229385032517,91,52,44,63,8,72,-1,-1
670595247069542122,85,71,44,14,69,26,-1,-1
451402199118260869,73,51,32,21,40,68,-1,-1
029563598645606142,5,5,5,5,5,2,2,3
278302725424150062,54,33,49,39,20,9,-1,-1
083552927885678855,21,17,20,20,18,19,2,1
385157887897118317,67,24,63,63,19,41,-1,-1
520658450734748745,78,67,58,69,70,70,-1,-1
187761445896906536,41,37,30,38,39,33,3,-1
342191729416855201,63,28,56,45,58,29,-1,-1
119140440228073106,27,10,20,13,5,7,1,-1
846020863140470492,91,5,84,31,69,70,-1,-1
334794534170046777,62,56,50,25,7,56,-1,-1
893041171382203595,92,10,37,63,42,76,-1,-1
951086700918670246,93,20,82,87,81,48,-1,-1
676133071678063955,85,28,16,74,14,81,-1,-1
630482690416055372,84,64,73,59,12,56,-1,-1
312132593140730869,59,19,50,21,53,55,-1,-1
118036947052826321,27,2,26,4,25,17,0,-1
791987340834710216,89,85,57,82,79,42,-1,-1
172496534322355988,39,30,31,24,26,37,1,-1
422895616655474499,70,66,60,61,54,55,-1,-1
200054902577907922,44,6,42,37,42,42,2,-1
939206046344329414,92,42,11,59,57,66,-1,-1
426345848782234823,70,45,65,64,35,65,-1,-1
453763018765900911,73,66,2,66,68,69,-1,-1
515080659462656049,77,17,67,58,67,9,-1,-1
564424337185397282,80,58,51,34,56,46,-1,-1
589131354706338168,81,26,53,72,51,31,-1,-1
446380627400787936,72,49,61,51,66,68,-1,-1
480514759536340127,75,59,68,60,48,23,-1,-1
359767235702911304,64,58,32,56,60,38,-1,-1
240187512921187910,50,21,40,48,21,47,2,-1
119208845805257262,27,13,26,25,15,15,3,-1
026130947962147183,5,2,5,5,2,2,3,1
375658767521674137,66,57,60,52,57,21,-1,-1
165155009406919747,37,14,0,26,35,34,0,-1
744996238647062668,88,84,44,75,15,76,-1,-1
933880183203088022,92,86,39,42,20,5,-1,-1
309751788086154610,58,53,53,13,21,49,-1,-1
543729468430743331,79,70,59,58,71,50,-1,-1
834184667398377944,90,38,78,63,61,85,-1,-1
978443039820557564,93,69,8,86,76,76,-1,-1
650804239567138684,84,77,42,69,27,74,-1,-1
450988907885187681,73,69,68,68,31,64,-1,-1
648636963703804538,84,72,80,74,77,67,-1,-1
504684277105838994,76,67,43,20,71,73,-1,-1
280206180099940107,56,25,23,13,53,15,-1,-1
646714256598088472,84,74,45,70,18,64,-1,-1
312510975439636205,59,47,57,43,51,27,-1,-1
321932612420928509,61,57,51,44,57,47,-1,-1
788830906371708035,89,82,83,60,79,8,-1,-1
778900851822993886,89,83,82,82,85,83,-1,-1
267032611454510552,53,5,45,40,42,43,-1,-1
518559283346146904,77,63,44,50,27,72,-1,-1
696437604806680760,86,63,72,79,75,78,-1,-1
529057939644230452,78,11,73,67,39,58,-1,-1
089115435380065889,21,6,15,14,3,20,1,3
640381781807378914,84,57,76,77,57,79,-1,-1
338482913583902822,62,47,58,51,58,57,-1,-1
663703885465178725,85,75,79,64,34,75,-1,-1
126709141727514209,29,26,10,26,23,14,1,-1
782835591122690340,89,82,74,27,78,57,-1,-1
676050642202265323,85,12,73,39,46,53,-1,-1
494907319458638890,76,71,46,56,65,71,-1,-1
540222381029759609,79,38,54,5,71,66,-1,-1
114965404055255902,27,26,19,4,15,26,1,-1
050812834363211773,13,13,13,9,6,12,3,0
611558311230377498,83,67,50,41,56,64,-1,-1
129259859160072024,29,16,28,11,6,2,1,-1
429891582869880413,70,66,58,66,66,50,-1,-1
855696071485259787,91,80,17,70,48,82,-1,-1
140179705426229315,33,14,30,24,16,21,3,-1
046783124532140652,11,10,3,9,4,10,1,2
794754487027569372,89,80,68,5,73,60,-1,-1
271620849537609580,54,46,51,44,46,45,-1,-1
022764694448052652,5,5,5,4,1,5,0,1
791366725770432630,89,59,79,81,65,76,-1,-1
864124850569583023,91,28,84,74,75,5,-1,-1
868163580352735227,91,35,75,59,81,44,-1,-1
740686554651728191,88,77,71,76,78,38,-1,-1
033832728753203025,8,8,8,8,4,0,3,0
580794828569496546,81,74,75,66,63,65,-1,-1
057508459687350917,13,11,10,12,9,13,3,1
657993308205538737,84,81,50,38,68,75,-1,-1
901475687947923987,92,70,80,87,87,87,-1,-1
439707659052000546,71,63,62,10,0,58,-1,-1
549810536298333544,79,72,63,46,50,64,-1,-1
428240641120019131,70,36,61,21,2,23,-1,-1
054444978523329335,13,10,13,11,9,9,3,2
430953189553678112,71,68,30,58,62,20,-1,-1
958725422044072203,93,83,67,11,18,42,-1,-1
428254788662796150,70,37,64,61,64,26,-1,-1
744166384916104549,88,34,60,82,23,71,-1,-1
057024139185705425,13,1,4,6,12,10,3,2
886047683962610628,91,10,80,87,77,78,-1,-1
970698946190429608,93,82,88,41,67,78,-1,-1
208995245864062372,44,42,23,41,7,30,0,-1
199191796330549868,43,19,39,27,35,40,0,-1
948849614037921251,93,86,78,8,87,49,-1,-1
627396017261182400,83,58,2,45,35,58,-1,-1
753175922390439433,88,35,83,61,64,64,-1,-1
103217991069081273,25,12,24,4,5,14,0,1
757092164229142204,88,21,34,43,30,40,-1,-1
432805083978566423,71,65,15,68,58,51,-1,-1
224125385324291346,47,14,33,30,28,31,3,-1
659222386038798642,84,41,58,7,77,72,-1,-1
052176212066114900,13,6,6,2,4,13,2,1
043680095817286770,11,10,3,10,6,10,2,1
402664150215430605,69,60,25,32,50,58,-1,-1
765828763141048714,88,81,80,30,10,78,-1,-1
456144496620557041,73,25,56,62,59,8,-1,-1
217694869249282978,46,40,43,24,26,44,3,-1
256473563232859513,52,39,43,26,48,41,1,-1
032137551749023889,8,3,7,8,0,8,1,3
069407682052832840,16,11,14,2,15,15,1,3
628303885249111057,83,50,78,43,23,12,-1,-1
055011027855597694,13,0,1,13,11,12,0,2
338713115249890935,62,55,17,32,58,58,-1,-1
312203877413546364,59,27,56,42,48,40,-1,-1
351547686011382550,64,52,56,2,44,52,-1,-1
008586014217079466,0,0,0,0,0,0,2,3
756307326238846703,88,53,55,44,81,78,-1,-1
444637751295538226,72,62,65,42,58,35,-1,-1
684425263992068847,86,62,47,82,14,79,-1,-1
369758886245487766,65,58,61,34,50,59,-1,-1
367579883978836447,65,54,61,62,60,48,-1,-1
419889876914092074,70,65,65,65,17,13,-1,-1
599519059225884546,82,64,11,40,76,66,-1,-1
045776583833573173,11,10,9,10,9,4,1,3
919105892427643592,92,24,86,66,79,77,-1,-1
916135955396539449,92,30,87,64,74,68,-1,-1
608952750229165146,82,78,74,40,32,28,-1,-1
535976469571364352,78,75,59,65,52,51,-1,-1
080114776826554301,21,6,19,19,17,13,2,1
067383546078602934,16,11,13,3,14,15,2,1
026504201961096541,5,4,3,5,1,5,1,0
761780232783367768,88,80,44,80,59,80,-1,-1
723055467873568072,87,12,66,81,71,17,-1,-1
624288428113041513,83,48,60,23,9,65,-1,-1
309794324573066036,58,53,36,48,10,5,-1,-1
198562607080857347,43,35,36,9,40,28,0,-1
918316560197478534,92,56,75,40,70,74,-1,-1
727171324297669526,87,35,54,51,75,69,-1,-1
098755037305909032,23,21,2,14,22,2,0,2
075385913892147700,18,13,18,17,6,16,1,3
231124401452860506,49,15,34,37,46,38,3,-1
182164024307988278,41,16,2,25,39,23,1,-1
990486768198529140,93,72,84,41,74,32,-1,-1
165261531593012072,37,20,30,31,1,7,3,-1
234843270809593030,49,45,27,45,41,4,1,-1
933409546913958861,92,65,75,87,88,86,-1,-1
794233805110484281,89,45,82,25,68,51,-1,-1
785271043449783789,89,50,10,66,81,81,-1,-1
973018867751082146,93,3,87,84,20,32,-1,-1
570879106719337632,81,75,21,71,51,69,-1,-1
277244414957658604,54,28,39,52,47,46,-1,-1
033612544434125172,8,7,7,6,3,3,0,2
913292033783164034,92,54,8,84,35,8,-1,-1
759466798508922555,88,66,80,69,83,72,-1,-1
816423407783507557,90,65,63,82,70,73,-1,-1
466548937576643282,74,59,70,61,63,42,-1,-1
911066293230397671,92,15,54,46,64,80,-1,-1
588128086747466110,81,25,17,73,61,23,-1,-1
882186013543960263,91,38,3,74,87,50,-1,-1
448219742468494731,72,34,65,54,56,64,-1,-1
460138540152225361,74,24,59,27,36,49,-1,-1
999701722600883886,93,82,83,78,87,87,-1,-1
148454219859507514,33,25,16,31,26,27,2,-1
556121988147824226,79,24,76,27,73,39,-1,-1
151466865438156896,35,27,33,26,13,33,3,-1
104125397124596922,25,8,18,8,21,24,2,3
686561695050649864,86,70,75,12,74,80,-1,-1
650808592369581789,84,77,70,56,70,77,-1,-1
147175433777477528,33,14,25,31,26,27,3,-1
984903578350556673,93,87,77,61,76,81,-1,-1
267745326852344516,53,48,33,49,34,42,-1,-1
184773742651488700,41,37,37,35,32,36,3,-1
740007797322511589,88,0,80,54,69,73,-1,-1
824018493284495225,90,3,70,51,70,44,-1,-1
558509825669549413,79,62,73,69,64,57,-1,-1
803892894383341934,90,84,84,61,58,84,-1,-1
938625255084545826,92,78,49,20,75,85,-1,-1
327022993588975090,61,4,58,50,58,14,-1,-1
328852856283389129,61,56,56,35,42,18,-1,-1
048432600036249414,11,8,9,1,6,8,2,3
034536215076102662,8,7,4,2,2,7,3,0
167143841267401094,37,13,35,20,26,9,1,-1
749741522625401926,88,79,70,75,62,83,-1,-1
401813130306888511,69,63,22,41,64,54,-1,-1
603746359084328386,82,74,54,18,51,56,-1,-1
457491965718698755,73,56,69,65,64,66,-1,-1
118772013989243480,27,25,1,26,14,21,0,-1
196261655190835287,43,23,37,19,39,24,0,-1
137384221416797477,31,22,15,23,29,24,2,-1
201246660082511143,44,23,39,10,35,15,1,-1
171444774454451449,39,29,36,29,29,29,1,-1
572366200000298104,81,54,37,0,47,21,-1,-1
563467789224185684,80,60,73,39,34,70,-1,-1
703924372398456967,86,81,58,60,64,82,-1,-1
486018351317107217,75,2,49,46,20,35,-1,-1
598236117792276070,82,41,23,74,46,16,-1,-1
872363868876028721,91,61,85,85,5,81,-1,-1
909489316685388135,92,70,56,80,63,30,-1,-1
469992853494343144,74,70,68,57,47,25,-1,-1
651285437826798438,84,48,62,78,77,62,-1,-1
800556651269675235,90,73,77,49,78,45,-1,-1
364825864838011567,65,60,60,60,2,53,-1,-1
403256946640229865,69,37,65,59,33,64,-1,-1
108051954622225067,25,4,24,22,12,4,2,3
742818901353367444,88,80,82,57,58,65,-1,-1
835648663232070052,90,77,78,45,17,13,-1,-1
954017473159146170,93,3,71,34,32,37,-1,-1
121424892330648871,29,21,28,19,26,28,1,-1
699798659633535657,86,78,74,73,69,74,-1,-1
568515200878539335,80,63,36,75,64,51,-1,-1
700723665731420293,86,77,75,77,62,50,-1,-1
388797673442827357,67,61,58,49,62,44,-1,-1
079933104377908052,18,18,5,13,17,3,0,1
283978843824565523,56,53,52,51,46,44,-1,-1
632691838632964051,84,73,77,71,79,12,-1,-1
189355601334807088,41,27,34,26,38,9,2,-1
354202942399355170,64,29,61,44,42,26,-1,-1
087789893847588006,21,19,20,19,17,0,3,0
280367567129590649,56,37,46,17,47,48,-1,-1
063530193529000148,16,13,7,13,0,6,0,2
580072130678657501,81,15,26,71,70,63,-1,-1
650784339607184495,84,77,53,71,35,65,-1,-1
860916028200122621,91,86,5,41,28,77,-1,-1
506306178464110598,76,46,31,58,22,64,-1,-1
089703299579395231,21,19,12,17,15,11,0,1
384578423496831472,67,55,48,52,62,51,-1,-1
474387543859261944,74,51,60,69,41,70,-1,-1
393180646886456626,68,28,58,63,51,58,-1,-1
757433502235964400,88,64,69,44,84,62,-1,-1
666257292757938377,85,45,50,76,80,57,-1,-1
427682200146315346,70,62,32,24,43,45,-1,-1
800154933787084927,90,33,84,81,19,84,-1,-1
003579483069989864,0,0,0,0,0,0,2,0
515515179124220777,77,61,31,23,37,70,-1,-1
834528713675838827,90,72,80,79,83,83,-1,-1
546749701519993266,79,71,70,62,75,43,-1,-1
470751590063956542,74,67,62,12,71,60,-1,-1
906532333699943449,92,74,58,81,87,68,-1,-1
245927293082415523,50,48,30,11,36,40,3,-1
910065877408320246,92,15,86,65,57,47,-1,-1
737943379032450352,87,83,59,8,65,57,-1,-1
889648806692691891,91,78,84,80,80,86,-1,-1
463823447619093727,74,68,54,62,18,66,-1,-1
300972009850613185,58,56,0,54,49,25,-1,-1
831506273697926594,90,71,50,79,85,75,-1,-1
819629412764114978,90,76,64,81,25,85,-1,-1
570714543089756532,81,71,65,17,73,65,-1,-1
335244856652012058,62,32,57,53,2,9,-1,-1
397762568071677837,68,61,56,13,59,63,-1,-1
436868894108484147,71,66,67,19,55,25,-1,-1
521311642952607185,78,47,67,74,65,33,-1,-1
506011417208216685,76,2,54,35,36,67,-1,-1
277032917907356915,54,5,51,51,36,51,-1,-1
236121165699072280,49,15,19,43,9,28,3,-1
581287107142208288,81,46,21,28,37,46,-1,-1
168282769803652327,37,21,34,34,32,23,0,-1
318428229104311362,59,43,29,16,36,40,-1,-1
733319285841582533,87,53,50,81,72,70,-1,-1
707468671218869695,86,65,75,41,80,76,-1,-1
740671361302893437,88,76,58,52,82,64,-1,-1
727706011201703691,87,77,3,40,77,77,-1,-1
852746921806062451,91,81,85,83,15,68,-1,-1
925150069721591908,92,34,15,82,77,87,-1,-1
010795215983557927,2,3,1,3,2,3,1,3
130615180010396156,31,27,13,1,22,12,1,-1
580646218712534676,81,70,38,72,65,71,-1,-1
458250282494072450,73,39,42,56,14,54,-1,-1
985279348950348397,93,52,60,88,60,65,-1,-1
734250604183921228,87,46,73,37,82,42,-1,-1
768137813769630018,88,29,81,80,75,3,-1,-1
046335314271854641,11,7,7,6,10,10,3,2
517683443337623187,77,67,57,49,65,32,-1,-1
967516982980759952,93,73,89,89,84,88,-1,-1
356864501500158928,64,59,50,50,23,60,-1,-1
340295321980819217,63,37,39,60,58,30,-1,-1
716493973028662304,87,67,82,5,75,52,-1,-1
033254060128780260,8,4,1,3,8,5,0,2
430884207501066840,71,67,32,56,12,66,-1,-1
341013243672738668,63,2,32,55,56,55,-1,-1
297940273129516073,57,54,32,17,45,11,-1,-1
702988319415817020,86,82,53,61,79,5,-1,-1
748236454048827938,88,44,65,10,81,83,-1,-1
700973859348524522,86,82,80,56,69,69,-1,-1
685935788849000201,86,81,78,79,0,39,-1,-1
949356804039935170,93,61,85,8,87,37,-1,-1
011207663990803504,2,1,3,3,3,2,0,1
843649280159516521,91,78,52,33,71,72,-1,-1
036507268292347061,8,7,5,5,5,1,1,3
766746962333084563,88,79,84,56,19,72,-1,-1
140613587052494650,33,29,28,5,26,29,3,-1
077788850016472907,18,17,17,1,14,17,0,3
579924685145482920,81,76,71,28,62,76,-1,-1
485207028596875538,75,34,4,63,70,60,-1,-1
541059645483451740,79,11,68,61,59,71,-1,-1
401314177829015039,69,42,28,63,2,6,-1,-1
892735879408603919,92,82,85,64,77,86,-1,-1
213989724280011993,46,44,41,26,1,44,0,-1
337647894103834416,62,53,58,16,57,44,-1,-1
505838801451381700,76,71,70,57,52,67,-1,-1
671674844904861997,85,74,79,80,79,81,-1,-1
945650038869784289,93,80,8,86,84,53,-1,-1
820663886084399288,90,78,84,19,62,51,-1,-1
094849162450701599,23,22,9,17,21,19,2,0
894385844479262162,92,63,85,70,50,35,-1,-1
543048663166760965,79,9,68,30,71,75,-1,-1
403119478618450423,69,19,52,58,51,50,-1,-1
104746305517281908,25,23,15,20,15,24,3,1
516384750451563316,77,53,69,57,63,47,-1,-1
121194093958523374,29,13,7,28,24,20,2,-1
000023356891988493,0,0,0,0,0,0,2,0
045664803630821912,11,10,10,10,10,10,3,2
334747169298434646,62,55,24,36,45,53,-1,-1
694296416464080438,86,50,61,65,18,63,-1,-1
930480920273918986,92,71,87,52,87,88,-1,-1
498567196532569254,76,62,33,61,62,40,-1,-1
443357675238955422,72,47,63,36,68,52,-1,-1
866242207880963766,91,47,41,85,86,82,-1,-1
603489091365435362,82,63,20,55,60,55,-1,-1
360327891190914371,65,40,61,28,61,44,-1,-1
738109158734848213,87,23,32,78,81,41,-1,-1
625929115355858080,83,78,23,54,77,18,-1,-1
476457765920564540,74,55,67,70,61,60,-1,-1
565014457736687217,80,2,60,72,70,38,-1,-1
492647161206848596,76,65,29,34,70,63,-1,-1
354004657548557188,64,0,55,52,52,27,-1,-1
142356114666136395,33,22,10,29,11,23,0,-1
098496986435149721,23,18,22,17,8,21,2,0
567481084164864317,80,61,17,31,74,49,-1,-1
265235766227207033,53,27,48,26,24,5,-1,-1
790664722134801787,89,77,79,29,82,81,-1,-1
749822633752725758,88,81,75,79,78,79,-1,-1
856835663961890380,91,84,79,86,85,62,-1,-1
075100763441900117,18,5,17,14,17,5,2,3
674445164490533695,85,63,33,66,68,75,-1,-1
032496894959083374,8,7,8,8,2,6,0,2
907216156990603586,92,43,33,88,77,76,-1,-1
097245537539357122,23,12,19,19,15,7,0,3
691931923597619034,86,81,81,72,73,7,-1,-1
876562335316329206,91,75,58,56,57,41,-1,-1
530036023463406236,78,7,5,59,55,39,-1,-1
048581109724122778,11,9,3,10,3,10,2,1
435876551863644474,71,66,58,66,61,54,-1,-1
113836868031624497,27,26,26,2,23,21,3,-1
426603239256934600,70,59,35,37,67,59,-1,-1
507481125799360842,76,59,23,70,51,71,-1,-1
023702553894603492,5,5,5,5,5,4,1,3
050786496744914042,13,12,11,12,13,2,1,0
078886773665147745,18,17,17,16,6,17,1,2
302705801176517379,58,52,53,23,46,39,-1,-1
884887657568687680,91,85,79,75,80,80,-1,-1
643626417073358530,84,71,60,16,55,67,-1,-1
666126327856518235,85,26,53,79,67,43,-1,-1
125383133568258950,29,20,10,24,16,28,0,-1
583395354143170141,81,56,53,28,33,28,-1,-1
508120444268806558,76,23,56,42,70,62,-1,-1
971348025093159763,93,60,5,22,34,84,-1,-1
283474413604850204,56,43,40,47,52,25,-1,-1
260581676997104837,53,44,46,51,14,49,-1,-1
510602903625240242,77,65,72,65,40,40,-1,-1
582237549506867350,81,41,65,63,75,53,-1,-1
965636807259425653,93,79,85,49,67,80,-1,-1
981855223481145819,93,86,45,72,32,86,-1,-1
238782424182785012,49,45,35,21,45,1,0,-1
209246460223857291,44,23,33,22,41,26,2,-1
126156849735996343,29,11,28,27,28,19,0,-1
394563176637509829,68,56,27,58,53,62,-1,-1
543735808636030375,79,71,72,67,7,53,-1,-1
232556646063133063,49,40,42,8,16,8,2,-1
816739756903684368,90,80,81,84,79,60,-1,-1
237557825428073390,49,40,45,35,9,34,2,-1
983478350953581010,93,71,61,88,77,3,-1,-1
786176872597942998,89,36,83,74,84,85,-1,-1
364199852402434632,65,28,60,46,47,56,-1,-1
079588412712727959,18,15,13,17,17,18,2,3
418800266618421865,70,64,38,59,50,65,-1,-1
862016771803578799,91,3,82,83,75,83,-1,-1
874550949688432056,91,74,86,80,66,13,-1,-1
232808362286224643,49,45,33,28,24,42,2,-1
175285036625347681,39,22,3,33,25,34,3,-1
019831991946500603,2,3,3,3,2,2,1,3
692277561782331450,86,48,70,78,54,64,-1,-1
406315985379626860,69,42,66,46,58,64,-1,-1
699490452735045473,86,67,64,77,10,65,-1,-1
101827337239705309,25,23,16,13,23,15,2,0
637322432525833442,84,52,61,66,77,62,-1,-1
134707325283306195,31,28,20,18,19,14,1,-1
194998533741950727,43,41,34,38,41,38,0,-1
406923107542695605,69,65,18,55,60,58,-1,-1
438569504319627818,71,58,56,43,61,65,-1,-1
593210478364897194,82,38,62,54,76,36,-1,-1
687823296025193422,86,79,50,5,37,62,-1,-1
045198839579166634,11,5,10,9,4,10,3,0
226785961920472902,47,43,45,45,36,45,2,-1
317007714599264677,59,0,53,50,32,52,-1,-1
435448697745790291,71,53,63,64,65,42,-1,-1
894887692622077934,92,86,81,78,17,86,-1,-1
330820036973001185,62,57,5,59,0,26,-1,-1
504922365848172887,76,72,51,71,31,71,-1,-1
679200065464510068,85,39,14,64,67,14,-1,-1
444856435301747885,72,67,53,43,65,67,-1,-1
360161292785968883,65,25,38,59,62,61,-1,-1
359455741893163548,64,48,57,60,25,52,-1,-1
479817422744735212,74,68,54,67,66,35,-1,-1
023417533903311696,5,4,5,5,3,5,1,2
098214968055028696,23,11,22,3,1,20,2,0
222657944679663344,47,41,45,41,41,31,1,-1
665675048802242864,85,74,10,78,44,79,-1,-1
770147101307561728,89,31,23,53,73,79,-1,-1
693367212655892344,86,57,40,74,81,55,-1,-1
100010424301334564,25,1,18,15,16,21,3,0
000083642288245945,0,0,0,0,0,0,3,1
980497899416722693,93,72,87,66,83,82,-1,-1
616258566077739617,83,44,68,16,74,70,-1,-1
143656956962540273,33,29,32,32,27,19,3,-1
607161142429823792,82,32,28,59,76,75,-1,-1
941514928596419503,93,73,87,77,66,72,-1,-1
213333244622862860,46,29,24,39,43,43,2,-1
693785312335494096,86,78,52,54,67,20,-1,-1
916215037878045843,92,43,8,86,10,85,-1,-1
451075553121901849,73,14,59,22,68,67,-1,-1
306542305125872912,58,47,35,18,54,55,-1,-1
070414511087844183,18,13,15,4,17,8,1,3
465107632196418219,74,19,63,32,52,35,-1,-1
239329193545347174,49,30,21,40,32,20,0,-1
991168085141435449,93,36,20,32,68,69,-1,-1
165433844026273609,37,27,35,2,21,32,2,-1
094991283080336420,23,22,13,5,15,17,3,1
384033111528449439,67,6,19,53,49,49,-1,-1
492859737964668366,76,70,68,72,66,50,-1,-1
876185741133537275,91,38,82,30,73,51,-1,-1
688365055113015033,86,57,12,24,3,7,-1,-1
601073495704358922,82,16,64,73,54,77,-1,-1
481661942003188089,75,65,71,0,32,16,-1,-1
297571944138459905,57,47,54,19,43,54,-1,-1
741939391460347644,88,83,61,66,56,75,-1,-1
484764905075551032,75,68,70,14,61,7,-1,-1
202976334727322510,44,42,28,40,28,35,1,-1
971361470504758956,93,62,71,73,84,88,-1,-1
109080086328788102,25,5,5,16,23,7,3,1
434893744468850753,71,67,64,54,66,64,-1,-1
024603366924697050,5,5,4,5,5,1,0,3
384220898903472360,67,33,63,63,51,44,-1,-1
562413929672888104,80,57,75,70,75,21,-1,-1
387266435118789106,67,36,49,19,61,17,-1,-1
456696555271084312,73,64,59,41,16,44,-1,-1
086222679956387907,21,10,18,20,14,20,3,1
893693598816278894,92,81,76,84,51,86,-1,-1
295308251783061582,57,34,30,52,9,47,-1,-1
986456007889045998,93,69,0,87,11,89,-1,-1
645940515303193568,84,79,66,50,37,69,-1,-1
198415294649385943,43,30,25,37,29,40,2,-1
152075223945097424,35,7,17,34,8,26,0,-1
671918961547448536,85,80,81,69,63,68,-1,-1
924977089869784378,92,88,20,86,84,62,-1,-1
723059382604650581,87,12,60,73,75,72,-1,-1
587761472469227427,81,73,62,61,39,58,-1,-1
309382365566311015,58,40,39,48,36,2,-1,-1
923481982122619582,92,71,88,28,78,76,-1,-1
864852215385916042,91,84,43,62,86,10,-1,-1
907910245313950589,92,86,47,56,87,76,-1,-1
384478811673544321,67,51,61,58,54,42,-1,-1
429139518800840273,70,23,56,64,65,39,-1,-1
578288904891847493,81,46,76,75,75,62,-1,-1
317111915959797730,59,17,56,56,54,53,-1,-1
919191710985249818,92,40,82,88,47,84,-1,-1
449139151079421382,72,23,26,14,52,49,-1,-1
234882734800609826,49,46,44,45,41,45,1,-1
994338078882511489,93,59,18,87,74,72,-1,-1
675091026098592860,85,20,5,20,71,79,-1,-1
719220269774813201,87,42,47,79,80,39,-1,-1
862346579127268461,91,59,75,28,50,68,-1,-1
608472750999259983,82,62,74,78,44,78,-1,-1
367038819820563546,65,6,60,60,53,52,-1,-1
357375741205468681,64,43,57,29,48,56,-1,-1
336932663093355108,62,58,54,15,40,16,-1,-1
510795695567808858,77,70,68,63,71,72,-1,-1
188709802569676933,41,36,38,34,36,39,3,-1
108402002362660101,25,18,0,17,22,7,1,2
551479840607419603,79,60,74,67,57,67,-1,-1
570917273173373739,81,76,45,32,54,72,-1,-1
243802358062149141,50,46,33,8,17,17,3,-1
028259852230807366,5,3,5,3,5,4,3,1
749339989153776307,88,55,84,32,79,52,-1,-1
288112810151182749,56,16,51,20,23,50,-1,-1
510961863195456610,77,73,72,34,57,65,-1,-1
286495620278413767,56,43,48,31,40,51,-1,-1
641068911313103472,84,14,79,51,22,64,-1,-1
703121321707095436,86,26,54,76,21,63,-1,-1
299936235497677411,57,54,29,44,50,41,-1,-1
114330857619572454,27,17,26,23,23,21,1,-1
424800262881617507,70,64,38,66,60,55,-1,-1
788652008085241044,89,77,0,19,46,10,-1,-1
094968338454124825,23,22,15,17,7,21,1,3
118167322085653458,27,11,17,6,24,21,2,-1
692526605989134666,86,68,72,82,28,75,-1,-1
441729762406241754,72,64,65,51,37,65,-1,-1
412970670872696427,70,66,61,65,61,50,-1,-1
679677004963705040,85,74,0,81,75,10,-1,-1
356136868293514689,64,21,59,37,50,56,-1,-1
131282528286563208,31,18,25,18,26,14,0,-1
301593843586774645,58,49,54,48,53,50,-1,-1
618127168156219932,83,25,32,30,39,78,-1,-1
074037655484721481,18,2,16,14,17,14,2,3
026846694059729551,5,5,5,1,5,5,0,1
113109306568262527,27,7,17,23,15,22,3,-1
463606471084182748,74,62,56,16,31,66,-1,-1
247984537518960770,50,48,40,40,48,46,2,-1
905870736999159537,92,86,82,88,33,74,-1,-1
135203381961398266,31,14,22,30,22,17,0,-1
720439912872298914,87,63,82,81,51,82,-1,-1
123523395032258458,29,24,21,3,16,22,3,-1
872254407024585894,91,48,64,5,76,85,-1,-1
680942123735655140,86,81,26,76,74,30,-1,-1
137207344677873259,31,14,20,28,30,17,3,-1
389566990371338532,67,55,64,45,42,54,-1,-1
172203962536283236,39,18,37,31,22,20,1,-1
380888618979068386,67,63,57,64,11,46,-1,-1
099620021857436576,23,20,1,22,17,19,3,2
674829189831743668,85,78,36,79,76,74,-1,-1
651642957861884661,84,72,80,78,79,73,-1,-1
269579319789704039,53,44,32,48,47,5,-1,-1
385022426353326750,67,4,48,44,42,60,-1,-1
847539763458281520,91,72,82,67,52,72,-1,-1
823592266286182861,90,75,49,51,38,84,-1,-1
598903955096785917,82,77,77,19,74,77,-1,-1
775324315206653971,89,55,54,40,76,84,-1,-1
788358294892884292,89,58,52,83,83,52,-1,-1
415850126031047565,70,65,21,6,8,57,-1,-1
758289300089847091,88,50,53,19,81,21,-1,-1
728381161513147132,87,60,33,69,30,28,-1,-1
382956237480656500,67,63,34,51,58,52,-1,-1
698524914162707523,86,68,81,33,76,68,-1,-1
367498173866768978,65,50,26,60,59,62,-1,-1
711539363716644534,87,69,58,77,74,69,-1,-1
751621616535440785,88,75,74,71,65,80,-1,-1
121714095903538475,29,26,7,28,24,23,2,-1
597153343709933879,82,30,53,72,77,76,-1,-1
372033138566379732,66,6,21,54,44,59,-1,-1
058368305866009096,13,9,8,13,0,3,3,1
878249385992594165,91,47,62,87,76,35,-1,-1
244068479019279335,50,8,38,2,28,32,1,-1
168256641257650599,37,20,32,20,32,31,3,-1
340231261111336407,63,32,34,18,40,44,-1,-1
876813035442008245,91,84,8,67,0,47,-1,-1
811768393461008517,90,81,62,68,0,71,-1,-1
407587386797636238,69,57,47,63,59,34,-1,-1
677542561759585651,85,69,70,77,71,74,-1,-1
269702044989798840,53,47,6,51,49,49,-1,-1
613515462658035322,83,65,62,71,7,51,-1,-1
111644087929442345,27,24,6,26,20,18,1,-1
440768587720077122,72,65,60,64,14,22,-1,-1
968912793658281158,93,87,85,80,53,34,-1,-1
440890594167501355,72,68,60,28,56,47,-1,-1
912496587554377475,92,71,76,75,62,70,-1,-1
173163084267357284,39,15,8,21,26,22,1,-1
086768012186283616,21,19,1,9,12,18,0,2
093933072763304472,23,22,4,21,14,18,1,0
180933475992183360,41,39,31,39,17,27,0,-1
823552876350849571,90,73,84,59,83,74,-1,-1
595921595574031115,82,77,68,67,7,23,-1,-1
632550559872448945,84,68,68,78,62,79,-1,-1
967018537050936649,93,3,74,13,88,80,-1,-1
597056592189690961,82,11,68,34,72,78,-1,-1
265967139906193708,53,51,17,50,23,47,-1,-1
109862112918257749,25,24,7,24,14,23,1,2
877319865964055504,91,56,85,87,13,71,-1,-1
498546355224836843,76,61,50,37,70,70,-1,-1
049767266362803830,11,10,6,7,10,10,0,1
775686760730566881,89,78,80,79,73,83,-1,-1
424297359393690336,70,41,46,49,62,45,-1,-1
897792028531384132,92,84,5,73,63,30,-1,-1
799820681164013621,89,82,78,34,3,76,-1,-1
250860144099633453,52,48,18,12,44,39,2,-1
312643480522927081,59,51,46,47,56,13,-1,-1
948114145148515102,93,26,32,32,73,24,-1,-1
888755829848173012,91,82,84,85,37,3,-1,-1
534144279774865708,78,27,44,71,73,69,-1,-1
026119242914033747,5,2,3,5,0,5,0,3
670943926848850443,85,81,80,79,79,63,-1,-1
261776086212249079,53,48,11,25,28,10,-1,-1
403684587255162275,69,60,57,37,26,38,-1,-1
997304515898123882,93,56,74,87,28,87,-1,-1
342450685170274857,63,47,55,25,35,58,-1,-1
899575053930665866,92,75,13,86,79,85,-1,-1
754649966627010616,88,76,84,75,3,74,-1,-1
627987345569320191,83,79,53,68,52,36,-1,-1
781781279796581627,89,81,50,81,74,76,-1,-1
942713250425342276,93,82,49,67,60,52,-1,-1
421753474989179785,70,63,54,67,28,64,-1,-1
963820132206103684,93,85,30,42,24,81,-1,-1
311994358021488445,59,57,39,3,46,44,-1,-1
639389891150053358,84,57,78,30,12,55,-1,-1
058463914738059712,13,10,13,12,2,12,0,3
689332882460716556,86,54,80,64,76,70,-1,-1
975927082551552608,93,88,20,76,76,78,-1,-1
776784319025463043,89,81,54,5,67,10,-1,-1
394946204872050179,68,64,31,63,10,27,-1,-1
474105195728539363,74,19,33,66,60,49,-1,-1
400937203070647498,69,65,31,13,59,53,-1,-1
931299114023092999,92,54,26,5,22,88,-1,-1
717720234045009182,87,77,43,10,0,36,-1,-1
271477036345707686,54,42,5,35,48,48,-1,-1
560468508852623130,80,60,63,74,68,26,-1,-1
040831521406409302,11,10,9,8,8,7,3,0
815417280519353805,90,64,51,71,59,82,-1,-1
018941502894888611,2,3,2,3,3,2,1,0
161154368719222413,37,14,25,33,18,27,2,-1
799689364226759065,89,78,59,43,80,15,-1,-1
955006927417812552,93,0,87,66,85,75,-1,-1
214146479671285181,46,16,35,40,26,19,3,-1
098318952464818209,23,14,22,18,21,11,3,1
923618092255869271,92,78,22,49,86,51,-1,-1
584922462332062220,81,76,61,51,13,39,-1,-1
516170119752487703,77,31,22,69,59,68,-1,-1
898785811361541951,92,83,84,61,74,87,-1,-1
365656459538563887,65,56,48,52,53,61,-1,-1
455721137666814455,73,65,24,63,67,54,-1,-1
982860103285547692,93,87,24,53,75,82,-1,-1
065331961350101188,16,10,15,11,4,7,1,3
634942007143305998,84,79,0,29,50,80,-1,-1
461633647482343599,74,63,63,57,47,61,-1,-1
232639182949434707,49,42,21,46,36,43,1,-1
614618691322993148,83,70,73,51,79,29,-1,-1
451545932613985881,73,59,69,62,69,68,-1,-1
763655927198228413,88,76,83,39,43,63,-1,-1
030701833471528366,8,7,8,6,7,6,3,0
580683360639822374,81,71,54,69,75,55,-1,-1
708145355639894246,86,30,56,74,81,45,-1,-1
057138535692513532,13,4,11,12,11,11,3,2
696382713653364497,86,59,76,74,57,67,-1,-1
098100575499213662,23,6,19,18,11,20,3,1
895549615442575430,92,74,77,68,75,67,-1,-1
314148077177304198,59,21,11,24,36,26,-1,-1
469541817188063198,74,59,68,31,12,32,-1,-1
188766674823983325,41,37,36,38,39,25,0,-1
292201240852507442,57,26,30,53,45,42,-1,-1
486704170133787413,75,66,30,24,68,53,-1,-1
135394431349879357,31,22,23,20,30,21,2,-1
657112672436216440,84,24,74,62,40,62,-1,-1
164513487480218820,37,30,29,29,18,35,1,-1
102727217311513102,25,23,12,16,20,7,0,2
356488666167415013,64,49,55,25,46,2,-1,-1
535929699248093608,78,74,69,40,19,66,-1,-1
046949050529705966,11,11,2,9,10,11,2,1
417271684816902101,70,39,61,64,65,18,-1,-1
211841857095297330,46,43,43,11,27,29,3,-1
088857810285022784,21,19,19,12,1,19,3,1
345492732442040930,63,49,56,46,7,59,-1,-1
690320858373953206,86,53,80,58,82,39,-1,-1
237236114784939117,49,25,14,45,46,14,2,-1
758668953999626623,88,76,83,84,75,75,-1,-1
819655188303944324,90,77,38,54,85,56,-1,-1
869745723964358488,91,82,81,86,59,70,-1,-1
715802591835073545,87,79,72,80,17,70,-1,-1
